,pclass,survived,gender,age,sibsp,parch,fare,cabin,embarked,boat,body,home.dest
0,1,1,female,29.0,0,0,211.34,B5,S,2,,"St Louis, MO"
1,1,1,male,0.9167,1,2,151.55,C22 C26,S,11,,"Montreal, PQ / Chesterville, ON"
2,1,0,female,2.0,1,2,151.55,C22 C26,S,,,"Montreal, PQ / Chesterville, ON"
3,1,0,male,30.0,1,2,151.55,C22 C26,S,,135.0,"Montreal, PQ / Chesterville, ON"
4,1,0,female,25.0,1,2,151.55,C22 C26,S,,,"Montreal, PQ / Chesterville, ON"
5,1,1,male,48.0,0,0,26.55,E12,S,3,,"New York, NY"
6,1,1,female,63.0,1,0,77.96,D7,S,10,,"Hudson, NY"
7,1,0,male,39.0,0,0,0.0,A36,S,,,"Belfast, NI"
8,1,1,female,53.0,2,0,51.48,C101,S,D,,"Bayside, Queens, NY"
9,1,0,male,71.0,0,0,49.5,,C,,22.0,"Montevideo, Uruguay"
10,1,0,male,47.0,1,0,227.53,C62 C64,C,,124.0,"New York, NY"
11,1,1,female,18.0,1,0,227.53,C62 C64,C,4,,"New York, NY"
12,1,1,female,24.0,0,0,69.3,B35,C,9,,"Paris, France"
13,1,1,female,26.0,0,0,78.85,,S,6,,
14,1,1,male,80.0,0,0,30.0,A23,S,B,,"Hessle, Yorks"
15,1,0,male,,0,0,25.93,,S,,,"New York, NY"
16,1,0,male,24.0,0,1,247.52,B58 B60,C,,,"Montreal, PQ"
17,1,1,female,50.0,0,1,247.52,B58 B60,C,6,,"Montreal, PQ"
18,1,1,female,32.0,0,0,76.29,D15,C,8,,
19,1,0,male,36.0,0,0,75.24,C6,C,A,,"Winnipeg, MN"
20,1,1,male,37.0,1,1,52.55,D35,S,5,,"New York, NY"
21,1,1,female,47.0,1,1,52.55,D35,S,5,,"New York, NY"
22,1,1,male,26.0,0,0,30.0,C148,C,5,,"New York, NY"
23,1,1,female,42.0,0,0,227.53,,C,4,,
24,1,1,female,29.0,0,0,221.78,C97,S,8,,
25,1,0,male,25.0,0,0,26.0,,C,,148.0,"San Francisco, CA"
26,1,1,male,25.0,1,0,91.08,B49,C,7,,"Dowagiac, MI"
27,1,1,female,19.0,1,0,91.08,B49,C,7,,"Dowagiac, MI"
28,1,1,female,35.0,0,0,135.63,C99,S,8,,
29,1,1,male,28.0,0,0,26.55,C52,S,D,,"Stockholm, Sweden / Washington, DC"
30,1,0,male,45.0,0,0,35.5,T,S,,,"Trenton, NJ"
31,1,1,male,40.0,0,0,31.0,A31,C,7,,"Glen Ridge, NJ"
32,1,1,female,30.0,0,0,164.87,C7,S,8,,"Youngstown, OH"
33,1,1,female,58.0,0,0,26.55,C103,S,8,,"Birkdale, England Cleveland, Ohio"
34,1,0,male,42.0,0,0,26.55,D22,S,,,"London / Winnipeg, MB"
35,1,1,female,45.0,0,0,262.38,,C,4,,"Cooperstown, NY"
36,1,1,female,22.0,0,1,55.0,E33,S,6,,"St Leonards-on-Sea, England Ohio"
37,1,1,male,,0,0,26.55,,S,9,,"Los Angeles, CA"
38,1,0,male,41.0,0,0,30.5,A21,S,,,"Pomeroy, WA"
39,1,0,male,48.0,0,0,50.5,B10,C,,208.0,"Omaha, NE"
40,1,0,male,,0,0,39.6,,C,,,"Philadelphia, PA"
41,1,1,female,44.0,0,0,27.72,B4,C,6,,"Denver, CO"
42,1,1,female,59.0,2,0,51.48,C101,S,D,,"Belmont, MA"
43,1,1,female,60.0,0,0,76.29,D15,C,8,,"Philadelphia, PA"
44,1,1,female,41.0,0,0,134.5,E40,C,3,,
45,1,0,male,45.0,0,0,26.55,B38,S,,,"Washington, DC"
46,1,0,male,,0,0,31.0,,S,,,
47,1,1,male,42.0,0,0,26.29,E24,S,5,,"New York, NY"
48,1,1,female,53.0,0,0,27.45,,C,6,,"Washington, DC"
49,1,1,male,36.0,0,1,512.33,B51 B53 B55,C,3,,"Austria-Hungary / Germantown, Philadelphia, PA"
50,1,1,female,58.0,0,1,512.33,B51 B53 B55,C,3,,"Germantown, Philadelphia, PA"
51,1,0,male,33.0,0,0,5.0,B51 B53 B55,S,,,"New York, NY"
52,1,0,male,28.0,0,0,47.1,,S,,,"Montevideo, Uruguay"
53,1,0,male,17.0,0,0,47.1,,S,,,"Montevideo, Uruguay"
54,1,1,male,11.0,1,2,120.0,B96 B98,S,4,,"Bryn Mawr, PA"
55,1,1,female,14.0,1,2,120.0,B96 B98,S,4,,"Bryn Mawr, PA"
56,1,1,male,36.0,1,2,120.0,B96 B98,S,C,,"Bryn Mawr, PA"
57,1,1,female,36.0,1,2,120.0,B96 B98,S,4,,"Bryn Mawr, PA"
58,1,0,male,49.0,0,0,26.0,,S,,,"Ascot, Berkshire / Rochester, NY"
59,1,1,female,,0,0,27.72,,C,5,,"New York, NY"
60,1,0,male,36.0,1,0,78.85,C46,S,,172.0,"Little Onn Hall, Staffs"
61,1,1,female,76.0,1,0,78.85,C46,S,6,,"Little Onn Hall, Staffs"
62,1,0,male,46.0,1,0,61.18,E31,S,,,"Amenia, ND"
63,1,1,female,47.0,1,0,61.18,E31,S,4,,"Amenia, ND"
64,1,1,male,27.0,1,0,53.1,E8,S,5,,"New York, NY / Ithaca, NY"
65,1,1,female,33.0,1,0,53.1,E8,S,5,,"New York, NY / Ithaca, NY"
66,1,1,female,36.0,0,0,262.38,B61,C,4,,
67,1,1,female,30.0,0,0,86.5,B77,S,8,,"London, England"
68,1,1,male,45.0,0,0,29.7,A9,C,7,,"Paris, France"
69,1,1,female,,0,1,55.0,E33,S,6,,"St Leonards-on-Sea, England Ohio"
70,1,0,male,,0,0,0.0,,S,,,"Liverpool, England / Belfast"
71,1,0,male,27.0,1,0,136.78,C89,C,,,"Los Angeles, CA"
72,1,1,female,26.0,1,0,136.78,C89,C,4,,"Los Angeles, CA"
73,1,1,female,22.0,0,0,151.55,,S,11,,
74,1,0,male,,0,0,52.0,A14,S,,,"Stoughton, MA"
75,1,0,male,47.0,0,0,25.59,E58,S,,,"Victoria, BC"
76,1,1,female,39.0,1,1,83.16,E49,C,14,,"Lakewood, NJ"
77,1,0,male,37.0,1,1,83.16,E52,C,,,"Lakewood, NJ"
78,1,1,female,64.0,0,2,83.16,E45,C,14,,"Lakewood, NJ"
79,1,1,female,55.0,2,0,25.7,C101,S,2,,"New York, NY"
80,1,0,male,,0,0,26.55,,S,,,"Roachdale, IN"
81,1,0,male,70.0,1,1,71.0,B22,S,,269.0,"Milwaukee, WI"
82,1,1,female,36.0,0,2,71.0,B22,S,7,,"Milwaukee, WI"
83,1,1,female,64.0,1,1,26.55,B26,S,7,,"Milwaukee, WI"
84,1,0,male,39.0,1,0,71.28,C85,C,,,"New York, NY"
85,1,1,female,38.0,1,0,71.28,C85,C,4,,"New York, NY"
86,1,1,male,51.0,0,0,26.55,E17,S,5 9,,"Lima, Peru"
87,1,1,male,27.0,0,0,30.5,,S,3,,"Philadelphia, PA"
88,1,1,female,33.0,0,0,151.55,,S,8,,
89,1,0,male,31.0,1,0,52.0,B71,S,,,"Montreal, PQ"
90,1,1,female,27.0,1,2,52.0,B71,S,3,,"Montreal, PQ"
91,1,1,male,31.0,1,0,57.0,B20,S,3,,"Calgary, AB"
92,1,1,female,17.0,1,0,57.0,B20,S,3,,"Calgary, AB"
93,1,1,male,53.0,1,1,81.86,A34,S,13,,"San Francisco, CA"
94,1,1,male,4.0,0,2,81.86,A34,S,5,,"San Francisco, CA"
95,1,1,female,54.0,1,1,81.86,A34,S,5,,"San Francisco, CA"
96,1,0,male,50.0,1,0,106.43,C86,C,,62.0,"Deephaven, MN / Cedar Rapids, IA"
97,1,1,female,27.0,1,1,247.52,B58 B60,C,6,,"Montreal, PQ"
98,1,1,female,48.0,1,0,106.43,C86,C,2,,"Deephaven, MN / Cedar Rapids, IA"
99,1,1,female,48.0,1,0,39.6,A16,C,1,,London / Paris
100,1,1,male,49.0,1,0,56.93,A20,C,1,,London / Paris
101,1,0,male,39.0,0,0,29.7,A18,C,,133.0,"Philadelphia, PA"
102,1,1,female,23.0,0,1,83.16,C54,C,7,,"Mt Airy, Philadelphia, PA"
103,1,1,female,38.0,0,0,227.53,C45,C,4,,"New York, NY"
104,1,1,female,54.0,1,0,78.27,D20,C,4,,"Brookline, MA"
105,1,0,female,36.0,0,0,31.68,A29,C,,,"New York, NY"
106,1,0,male,,0,0,221.78,C95,S,,,
107,1,1,female,,0,0,31.68,,S,7,,"New York, NY"
108,1,1,female,,0,0,110.88,,C,4,,
109,1,1,male,36.0,0,0,26.39,E25,S,5,,"Brooklyn, NY"
110,1,0,male,30.0,0,0,27.75,C111,C,,,"New York, NY"
111,1,1,female,24.0,3,2,263.0,C23 C25 C27,S,10,,"Winnipeg, MB"
112,1,1,female,28.0,3,2,263.0,C23 C25 C27,S,10,,"Winnipeg, MB"
113,1,1,female,23.0,3,2,263.0,C23 C25 C27,S,10,,"Winnipeg, MB"
114,1,0,male,19.0,3,2,263.0,C23 C25 C27,S,,,"Winnipeg, MB"
115,1,0,male,64.0,1,4,263.0,C23 C25 C27,S,,,"Winnipeg, MB"
116,1,1,female,60.0,1,4,263.0,C23 C25 C27,S,10,,"Winnipeg, MB"
117,1,1,female,30.0,0,0,56.93,E36,C,1,,
118,1,0,male,,0,0,26.55,D34,S,,,"Westcliff-on-Sea, Essex"
119,1,1,male,50.0,2,0,133.65,,S,5,,"New York, NY"
120,1,1,male,43.0,1,0,27.72,D40,C,5,,"New York, NY"
121,1,1,female,,1,0,133.65,,S,5,,"New York, NY"
122,1,1,female,22.0,0,2,49.5,B39,C,5,,"Zurich, Switzerland"
123,1,1,male,60.0,1,1,79.2,B41,C,5,,"Zurich, Switzerland"
124,1,1,female,48.0,1,1,79.2,B41,C,5,,"Zurich, Switzerland"
125,1,0,male,,0,0,0.0,B102,S,,,
126,1,0,male,37.0,1,0,53.1,C123,S,,,"Scituate, MA"
127,1,1,female,35.0,1,0,53.1,C123,S,D,,"Scituate, MA"
128,1,0,male,47.0,0,0,38.5,E63,S,,275.0,"St Anne's-on-Sea, Lancashire"
129,1,1,female,35.0,0,0,211.5,C130,C,4,,
130,1,1,female,22.0,0,1,59.4,,C,7,,"New York, NY"
131,1,1,female,45.0,0,1,59.4,,C,7,,"New York, NY"
132,1,0,male,24.0,0,0,79.2,B86,C,,,
133,1,1,male,49.0,1,0,89.1,C92,C,5,,"Paris, France / New York, NY"
134,1,1,female,,1,0,89.1,C92,C,5,,"Paris, France / New York, NY"
135,1,0,male,71.0,0,0,34.65,A5,C,,,"New York, NY"
136,1,1,male,53.0,0,0,28.5,C51,C,B,,"Washington, DC"
137,1,1,female,19.0,0,0,30.0,B42,S,3,,"Greenwich, CT"
138,1,0,male,38.0,0,1,153.46,C91,S,,147.0,"Winnipeg, MB"
139,1,1,female,58.0,0,1,153.46,C125,S,3,,"Greenwich, CT"
140,1,1,male,23.0,0,1,63.36,D10 D12,C,7,,"New York, NY"
141,1,1,female,45.0,0,1,63.36,D10 D12,C,7,,"New York, NY"
142,1,0,male,46.0,0,0,79.2,B82 B84,C,,,"New York, NY"
143,1,1,male,25.0,1,0,55.44,E50,C,5,,"Brooklyn, NY"
144,1,1,female,25.0,1,0,55.44,E50,C,5,,"Brooklyn, NY"
145,1,1,male,48.0,1,0,76.73,D33,C,3,,"New York, NY"
146,1,1,female,49.0,1,0,76.73,D33,C,3,,"New York, NY"
147,1,0,male,,0,0,42.4,,S,,,
148,1,0,male,45.0,1,0,83.48,C83,S,,,"New York, NY"
149,1,1,female,35.0,1,0,83.48,C83,S,D,,"New York, NY"
150,1,0,male,40.0,0,0,0.0,B94,S,,110.0,
151,1,1,male,27.0,0,0,76.73,D49,C,3,,
152,1,1,male,,0,0,30.0,D45,S,3,,"Kingston, Surrey"
153,1,1,female,24.0,0,0,83.16,C54,C,7,,"New York, NY"
154,1,0,male,55.0,1,1,93.5,B69,S,,307.0,"Montreal, PQ"
155,1,1,female,52.0,1,1,93.5,B69,S,3,,"Montreal, PQ"
156,1,0,male,42.0,0,0,42.5,B11,S,,,London / Middlesex
157,1,0,male,,0,0,51.86,E46,S,,,"Brighton, MA"
158,1,0,male,55.0,0,0,50.0,C39,S,,,London / Birmingham
159,1,1,female,16.0,0,1,57.98,B18,C,4,,"Chicago, IL"
160,1,1,female,44.0,0,1,57.98,B18,C,4,,"Chicago, IL"
161,1,1,female,51.0,1,0,77.96,D11,S,10,,"Hudson, NY"
162,1,0,male,42.0,1,0,52.0,,S,,38.0,"New York, NY"
163,1,1,female,35.0,1,0,52.0,,S,8,,"New York, NY"
164,1,1,male,35.0,0,0,26.55,,C,15,,"Indianapolis, IN"
165,1,1,male,38.0,1,0,90.0,C93,S,D,,"New York, NY /  Stamford CT"
166,1,0,male,,0,0,30.7,,C,14,,"New York, NY"
167,1,1,female,35.0,1,0,90.0,C93,S,D,,"New York, NY /  Stamford CT"
168,1,1,female,38.0,0,0,80.0,B28,,6,,
169,1,0,female,50.0,0,0,28.71,C49,C,,,"Paris, France New York, NY"
170,1,1,male,49.0,0,0,0.0,B52 B54 B56,S,C,,Liverpool
171,1,0,male,46.0,0,0,26.0,,S,,80.0,"Bennington, VT"
172,1,0,male,50.0,0,0,26.0,E60,S,,,London
173,1,0,male,32.5,0,0,211.5,C132,C,,45.0,
174,1,0,male,58.0,0,0,29.7,B37,C,,258.0,"Buffalo, NY"
175,1,0,male,41.0,1,0,51.86,D21,S,,,"Southington / Noank, CT"
176,1,1,female,,1,0,51.86,D21,S,8,,"Southington / Noank, CT"
177,1,1,male,42.0,1,0,52.55,D19,S,5,,"Boston, MA"
178,1,1,female,45.0,1,0,52.55,D19,S,5,,"Boston, MA"
179,1,0,male,,0,0,26.55,C124,S,,,"Portland, OR"
180,1,1,female,39.0,0,0,211.34,,S,2,,
181,1,1,female,49.0,0,0,25.93,D17,S,8,,"New York, NY"
182,1,1,female,30.0,0,0,106.43,,C,2,,
183,1,1,male,35.0,0,0,512.33,B101,C,3,,
184,1,0,male,,0,0,27.72,,C,,,"Chicago, IL"
185,1,0,male,42.0,0,0,26.55,,S,,,"Stockholm, Sweden"
186,1,1,female,55.0,0,0,27.72,,C,6,,"Stockholm, Sweden"
187,1,1,female,16.0,0,1,39.4,D28,S,9,,"Paris, France"
188,1,1,female,51.0,0,1,39.4,D28,S,9,,"Paris, France"
189,1,0,male,29.0,0,0,30.0,D6,S,,126.0,"Springfield, MA"
190,1,1,female,21.0,0,0,77.96,D9,S,10,,"Hudson, NY"
191,1,0,male,30.0,0,0,45.5,,S,,,"London / New York, NY"
192,1,1,female,58.0,0,0,146.52,B80,C,,,
193,1,1,female,15.0,0,1,211.34,B5,S,2,,"St Louis, MO"
194,1,0,male,30.0,0,0,26.0,C106,S,,,"Brockton, MA"
195,1,1,female,16.0,0,0,86.5,B79,S,8,,
196,1,1,male,,0,0,29.7,C47,C,7,,"Paris, France"
197,1,0,male,19.0,1,0,53.1,D30,S,,,"New York, NY"
198,1,1,female,18.0,1,0,53.1,D30,S,10,,"New York, NY"
199,1,1,female,24.0,0,0,49.5,C90,C,6,,"Belgium  Montreal, PQ"
200,1,0,male,46.0,0,0,75.24,C6,C,,292.0,"Vancouver, BC"
201,1,0,male,54.0,0,0,51.86,E46,S,,175.0,"Dorchester, MA"
202,1,1,male,36.0,0,0,26.29,E25,S,7,,"Philadelphia, PA"
203,1,0,male,28.0,1,0,82.17,,C,,,"New York, NY"
204,1,1,female,,1,0,82.17,,C,6,,"New York, NY"
205,1,0,male,65.0,0,0,26.55,E38,S,,249.0,"East Bridgewater, MA"
206,1,0,male,44.0,2,0,90.0,C78,Q,,230.0,"Fond du Lac, WI"
207,1,1,female,33.0,1,0,90.0,C78,Q,14,,"Green Bay, WI"
208,1,1,female,37.0,1,0,90.0,C78,Q,14,,"Fond du Lac, WI"
209,1,1,male,30.0,1,0,57.75,C78,C,11,,"New York, NY"
210,1,0,male,55.0,0,0,30.5,C30,S,,,"Montreal, PQ"
211,1,0,male,47.0,0,0,42.4,,S,,,"Washington, DC"
212,1,0,male,37.0,0,1,29.7,C118,C,,,"Brooklyn, NY"
213,1,1,female,31.0,1,0,113.28,D36,C,6,,"Lexington, MA"
214,1,1,female,23.0,1,0,113.28,D36,C,6,,"Lexington, MA"
215,1,0,male,58.0,0,2,113.28,D48,C,,122.0,"Lexington, MA"
216,1,1,female,19.0,0,2,26.28,D47,S,5,,"New York, NY"
217,1,0,male,64.0,0,0,26.0,,S,,263.0,"Isle of Wight, England"
218,1,1,female,39.0,0,0,108.9,C105,C,8,,
219,1,1,male,,0,0,25.74,,C,7,,"Paris, France"
220,1,1,female,22.0,0,1,61.98,B36,C,5,,"Providence, RI"
221,1,0,male,65.0,0,1,61.98,B30,C,,234.0,"Providence, RI"
222,1,0,male,28.5,0,0,27.72,D43,C,,189.0,"?Havana, Cuba"
223,1,0,male,,0,0,0.0,,S,,,Belfast
224,1,0,male,45.5,0,0,28.5,C124,S,,166.0,"Surbiton Hill, Surrey"
225,1,0,male,23.0,0,0,93.5,B24,S,,,"Montreal, PQ"
226,1,0,male,29.0,1,0,66.6,C2,S,,,"Isleworth, England"
227,1,1,female,22.0,1,0,66.6,C2,S,8,,"Isleworth, England"
228,1,0,male,18.0,1,0,108.9,C65,C,,,"Madrid, Spain"
229,1,1,female,17.0,1,0,108.9,C65,C,8,,"Madrid, Spain"
230,1,1,female,30.0,0,0,93.5,B73,S,3,,
231,1,1,male,52.0,0,0,30.5,C104,S,6,,"Toronto, ON"
232,1,0,male,47.0,0,0,52.0,C110,S,,207.0,"Worcester, MA"
233,1,1,female,56.0,0,1,83.16,C50,C,7,,"Mt Airy, Philadelphia, PA"
234,1,0,male,38.0,0,0,0.0,,S,,,"Rotterdam, Netherlands"
235,1,1,male,,0,0,39.6,,S,A,,"Paris /  New York, NY"
236,1,0,male,22.0,0,0,135.63,,C,,232.0,
237,1,0,male,,0,0,227.53,,C,,,
238,1,1,female,43.0,0,1,211.34,B3,S,2,,"St Louis, MO"
239,1,0,male,31.0,0,0,50.5,A24,S,,,"Trenton, NJ"
240,1,1,male,45.0,0,0,26.55,,S,9,,"New York, NY"
241,1,0,male,,0,0,50.0,A32,S,,,"Seattle, WA"
242,1,1,female,33.0,0,0,27.72,A11,C,11,,"Paris, France"
243,1,0,male,46.0,0,0,79.2,,C,,16.0,"New York, NY"
244,1,0,male,36.0,0,0,40.13,A10,C,,,"Winnipeg, MB"
245,1,1,female,33.0,0,0,86.5,B77,S,8,,"London  Vancouver, BC"
246,1,0,male,55.0,1,0,59.4,,C,,,"New York, NY"
247,1,1,female,54.0,1,0,59.4,,C,6,,"New York, NY"
248,1,0,male,33.0,0,0,26.55,,S,,109.0,London
249,1,1,male,13.0,2,2,262.38,B57 B59 B63 B66,C,4,,"Haverford, PA / Cooperstown, NY"
250,1,1,female,18.0,2,2,262.38,B57 B59 B63 B66,C,4,,"Haverford, PA / Cooperstown, NY"
251,1,1,female,21.0,2,2,262.38,B57 B59 B63 B66,C,4,,"Haverford, PA / Cooperstown, NY"
252,1,0,male,61.0,1,3,262.38,B57 B59 B63 B66,C,,,"Haverford, PA / Cooperstown, NY"
253,1,1,female,48.0,1,3,262.38,B57 B59 B63 B66,C,4,,"Haverford, PA / Cooperstown, NY"
254,1,1,male,,0,0,30.5,C106,S,3,,"Manchester, England"
255,1,1,female,24.0,0,0,69.3,B35,C,9,,
256,1,1,male,,0,0,26.0,,S,1,,"New York, NY"
257,1,1,female,35.0,1,0,57.75,C28,C,11,,"New York, NY"
258,1,1,female,30.0,0,0,31.0,,C,4,,
259,1,1,male,34.0,0,0,26.55,,S,7,,"New York, NY"
260,1,1,female,40.0,0,0,153.46,C125,S,3,,"New York, NY / Greenwich CT"
261,1,1,male,35.0,0,0,26.29,E24,S,5,,"St Louis, MO"
262,1,0,male,50.0,1,0,55.9,E44,S,,,"Duluth, MN"
263,1,1,female,39.0,1,0,55.9,E44,S,11,,"Duluth, MN"
264,1,1,male,56.0,0,0,35.5,A26,C,3,,"Basel, Switzerland"
265,1,1,male,28.0,0,0,35.5,A6,S,7,,"New Britain, CT"
266,1,0,male,56.0,0,0,26.55,,S,,,"New York, NY"
267,1,0,male,56.0,0,0,30.7,A7,C,,,"St James, Long Island, NY"
268,1,0,male,24.0,1,0,60.0,C31,S,,,"Huntington, WV"
269,1,0,male,,0,0,26.0,A19,S,,,"Streatham, Surrey"
270,1,1,female,18.0,1,0,60.0,C31,S,6,,"Huntington, WV"
271,1,1,male,24.0,1,0,82.27,B45,S,7,,"Minneapolis, MN"
272,1,1,female,23.0,1,0,82.27,B45,S,7,,"Minneapolis, MN"
273,1,1,male,6.0,0,2,134.5,E34,C,3,,"Tuxedo Park, NY"
274,1,1,male,45.0,1,1,134.5,E34,C,3,,"Tuxedo Park, NY"
275,1,1,female,40.0,1,1,134.5,E34,C,3,,"Tuxedo Park, NY"
276,1,0,male,57.0,1,0,146.52,B78,C,,,"Paris, France"
277,1,1,female,,1,0,146.52,B78,C,6,,"Paris, France"
278,1,1,male,32.0,0,0,30.5,B50,C,3,,"Basel, Switzerland"
279,1,0,male,62.0,0,0,26.55,C87,S,,,"Wimbledon Park, London / Hayling Island, Hants"
280,1,1,male,54.0,1,0,55.44,C116,C,1,,"Newark, NJ"
281,1,1,female,43.0,1,0,55.44,C116,C,5,,"Newark, NJ"
282,1,1,female,52.0,1,0,78.27,D20,C,4,,"Haverford, PA"
283,1,0,male,,0,0,27.72,,C,,,"Gallipolis, Ohio / ? Paris / New York"
284,1,1,female,62.0,0,0,80.0,B28,,6,,"Cincinatti, OH"
285,1,0,male,67.0,1,0,221.78,C55 C57,S,,96.0,"New York, NY"
286,1,0,female,63.0,1,0,221.78,C55 C57,S,,,"New York, NY"
287,1,0,male,61.0,0,0,32.32,D50,S,,46.0,"Haddenfield, NJ"
288,1,1,female,48.0,0,0,25.93,D17,S,8,,"Brooklyn, NY"
289,1,1,female,18.0,0,2,79.65,E68,S,8,,"New York, NY"
290,1,0,male,52.0,1,1,79.65,E67,S,,,"New York, NY"
291,1,1,female,39.0,1,1,79.65,E67,S,8,,"New York, NY"
292,1,1,male,48.0,1,0,52.0,C126,S,5 7,,"London /  East Orange, NJ"
293,1,1,female,,1,0,52.0,C126,S,5 7,,"London /  East Orange, NJ"
294,1,0,male,49.0,1,1,110.88,C68,C,,,"Haverford, PA"
295,1,1,male,17.0,0,2,110.88,C70,C,B,,"Haverford, PA"
296,1,1,female,39.0,1,1,110.88,C68,C,4,,"Haverford, PA"
297,1,1,female,,0,0,79.2,,C,D,,"New York, NY"
298,1,1,male,31.0,0,0,28.54,C53,C,7,,"Albany, NY"
299,1,0,male,40.0,0,0,27.72,,C,,,"Mexico City, Mexico"
300,1,0,male,61.0,0,0,33.5,B19,S,,245.0,"Brooklyn, NY"
301,1,0,male,47.0,0,0,34.02,D46,S,,,"East Orange, NJ"
302,1,1,female,35.0,0,0,512.33,,C,3,,
303,1,0,male,64.0,1,0,75.25,D37,C,,,"Portland, OR"
304,1,1,female,60.0,1,0,75.25,D37,C,5,,"Portland, OR"
305,1,0,male,60.0,0,0,26.55,,S,,,"England Salt Lake City, Utah"
306,1,0,male,54.0,0,1,77.29,D26,S,,,"Brunswick, ME"
307,1,0,male,21.0,0,1,77.29,D26,S,,169.0,"Brunswick, ME"
308,1,1,female,55.0,0,0,135.63,C32,C,8,,"New York, NY / Briarcliff Manor NY"
309,1,1,female,31.0,0,2,164.87,C7,S,8,,"Youngstown, OH"
310,1,0,male,57.0,1,1,164.87,,S,,,"Youngstown, OH"
311,1,1,female,45.0,1,1,164.87,,S,8,,"Youngstown, OH"
312,1,0,male,50.0,1,1,211.5,C80,C,,,"Elkins Park, PA"
313,1,0,male,27.0,0,2,211.5,C82,C,,,"Elkins Park, PA"
314,1,1,female,50.0,1,1,211.5,C80,C,4,,"Elkins Park, PA"
315,1,1,female,21.0,0,0,26.55,,S,8 10,,"Duluth, MN"
316,1,0,male,51.0,0,1,61.38,,C,,,"Geneva, Switzerland / Radnor, PA"
317,1,1,male,21.0,0,1,61.38,,C,A,,"Geneva, Switzerland / Radnor, PA"
318,1,0,male,,0,0,35.0,C128,S,,,"London, England"
319,1,1,female,31.0,0,0,134.5,E39 E41,C,3,,
320,1,1,male,,0,0,35.5,C52,S,D,,"London, England"
321,1,0,male,62.0,0,0,26.55,,S,,,"Halifax, NS"
322,1,1,female,36.0,0,0,135.63,C32,C,8,,"New York, NY / Washington, DC"
323,2,0,male,30.0,1,0,24.0,,C,,,"Russia New York, NY"
324,2,1,female,28.0,1,0,24.0,,C,10,,"Russia New York, NY"
325,2,0,male,30.0,0,0,13.0,,S,,,"Bryn Mawr, PA, USA"
326,2,0,male,18.0,0,0,11.5,,S,,,"Buenos Aires, Argentina / New Jersey, NJ"
327,2,0,male,25.0,0,0,10.5,,S,,,"Cornwall, England Houghton, MI"
328,2,0,male,34.0,1,0,26.0,,S,,,"Warwick, England"
329,2,1,female,36.0,1,0,26.0,,S,11,,"Warwick, England"
330,2,0,male,57.0,0,0,13.0,,S,,,"West Hoboken, NJ"
331,2,0,male,18.0,0,0,11.5,,S,,,"Penzance, Cornwall / Akron, OH"
332,2,0,male,23.0,0,0,10.5,,S,,,Guernsey
333,2,1,female,36.0,0,0,13.0,D,S,10,,"Bristol, Avon / Jacksonville, FL"
334,2,0,male,28.0,0,0,10.5,,S,,,"Plymouth, Dorset / Houghton, MI"
335,2,0,male,51.0,0,0,12.53,,S,,174.0,"Jacksonville, FL"
336,2,1,male,32.0,1,0,26.0,,S,13,,"Norwich / New York, NY"
337,2,1,female,19.0,1,0,26.0,,S,13,,"Norwich / New York, NY"
338,2,0,male,28.0,0,0,26.0,,S,,,England
339,2,1,male,1.0,2,1,39.0,F4,S,11,,"Guntur, India / Benton Harbour, MI"
340,2,1,female,4.0,2,1,39.0,F4,S,11,,"Guntur, India / Benton Harbour, MI"
341,2,1,female,12.0,2,1,39.0,F4,S,13,,"Guntur, India / Benton Harbour, MI"
342,2,1,female,36.0,0,3,39.0,F4,S,11,,"Guntur, India / Benton Harbour, MI"
343,2,1,male,34.0,0,0,13.0,D56,S,13,,London
344,2,1,female,19.0,0,0,13.0,,S,12,,"Rochester, NY"
345,2,0,male,23.0,0,0,13.0,,S,,,"St Ives, Cornwall / Calumet, MI"
346,2,0,male,26.0,0,0,13.0,,S,,,"Elmira, NY / Orange, NJ"
347,2,0,male,42.0,0,0,13.0,,S,,,London
348,2,0,male,27.0,0,0,13.0,,S,,,"Lake Arthur, Chavez County, NM"
349,2,1,female,24.0,0,0,13.0,F33,S,11,,"London / Montreal, PQ"
350,2,1,female,15.0,0,2,39.0,,S,14,,"Cape Town, South Africa / Seattle, WA"
351,2,0,male,60.0,1,1,39.0,,S,,,"Cape Town, South Africa / Seattle, WA"
352,2,1,female,40.0,1,1,39.0,,S,14,,"Cape Town, South Africa / Seattle, WA"
353,2,1,female,20.0,1,0,26.0,,S,12,,"Skara, Sweden / Rockford, IL"
354,2,0,male,25.0,1,0,26.0,,S,,,"Skara, Sweden / Rockford, IL"
355,2,1,female,36.0,0,0,13.0,,S,9,,"Sittingbourne, England / San Diego, CA"
356,2,0,male,25.0,0,0,13.0,,S,,97.0,"Southsea, Hants"
357,2,0,male,42.0,0,0,13.0,,S,,,London
358,2,1,female,42.0,0,0,13.0,,S,,,"New York, NY"
359,2,1,male,0.8333,0,2,29.0,,S,13,,"Bangkok, Thailand / Roseville, IL"
360,2,1,male,26.0,1,1,29.0,,S,13,,"Bangkok, Thailand / Roseville, IL"
361,2,1,female,22.0,1,1,29.0,,S,13,,"Bangkok, Thailand / Roseville, IL"
362,2,1,female,35.0,0,0,21.0,,S,14,,"Mamaroneck, NY"
363,2,0,male,,0,0,0.0,,S,,,Belfast
364,2,0,male,19.0,0,0,13.0,,S,,18.0,"St Ives, Cornwall / Calumet, MI"
365,2,0,female,44.0,1,0,26.0,,S,,,London
366,2,0,male,54.0,1,0,26.0,,S,,,London
367,2,0,male,52.0,0,0,13.5,,S,,130.0,"Bronx, NY"
368,2,0,male,37.0,1,0,26.0,,S,,17.0,"Cornwall / Spokane, WA"
369,2,0,female,29.0,1,0,26.0,,S,,,"Cornwall / Spokane, WA"
370,2,1,female,25.0,1,1,30.0,,S,12,,London
371,2,1,female,45.0,0,2,30.0,,S,12,,London
372,2,0,male,29.0,1,0,26.0,,S,,,"England / San Francisco, CA"
373,2,1,female,28.0,1,0,26.0,,S,14,,"England / San Francisco, CA"
374,2,0,male,29.0,0,0,10.5,,S,,,"Hartford, Huntingdonshire"
375,2,0,male,28.0,0,0,13.0,,S,,,"Helsinki, Finland Ashtabula, Ohio"
376,2,1,male,24.0,0,0,10.5,,S,9,,"London / Fort Byron, NY"
377,2,1,female,8.0,0,2,26.25,,S,14,,"Bishopstoke, Hants / Fayette Valley, ID"
378,2,0,male,31.0,1,1,26.25,,S,,,"Bishopstoke, Hants / Fayette Valley, ID"
379,2,1,female,31.0,1,1,26.25,,S,14,,"Bishopstoke, Hants / Fayette Valley, ID"
380,2,1,female,22.0,0,0,10.5,F33,S,14,,Pennsylvania
381,2,0,female,30.0,0,0,13.0,,S,,,"Provo, UT"
382,2,0,female,,0,0,21.0,,S,,,"Upper Burma, India Pittsburgh, PA"
383,2,0,male,21.0,0,0,11.5,,S,,,"Penzance, Cornwall / Akron, OH"
384,2,0,male,,0,0,0.0,,S,,,Belfast
385,2,1,male,8.0,1,1,36.75,,S,14,,"St Ives, Cornwall / Hancock, MI"
386,2,0,male,18.0,0,0,73.5,,S,,,"Lyndhurst, England"
387,2,1,female,48.0,0,2,36.75,,S,14,,"St Ives, Cornwall / Hancock, MI"
388,2,1,female,28.0,0,0,13.0,,S,13,,"London / Staten Island, NY"
389,2,0,male,32.0,0,0,13.0,,S,,,"Portugal / Sau Paulo, Brazil"
390,2,0,male,17.0,0,0,73.5,,S,,,
391,2,0,male,29.0,1,0,27.72,,C,,295.0,"Lucca, Italy / California"
392,2,1,female,24.0,1,0,27.72,,C,12,,"Lucca, Italy / California"
393,2,0,male,25.0,0,0,31.5,,S,,,"Guernsey / Elizabeth, NJ"
394,2,0,male,18.0,0,0,73.5,,S,,,"New Forest, England"
395,2,1,female,18.0,0,1,23.0,,S,,,Southampton
396,2,1,female,34.0,0,1,23.0,,S,,,Southampton
397,2,0,male,54.0,0,0,26.0,,S,,,"Holley, NY"
398,2,1,male,8.0,0,2,32.5,,S,10,,"Greenport, NY"
399,2,0,male,42.0,1,1,32.5,,S,,,"Greenport, NY"
400,2,1,female,34.0,1,1,32.5,,S,10,,"Greenport, NY"
401,2,1,female,27.0,1,0,13.86,,C,12,,"Barcelona, Spain / Havana, Cuba"
402,2,1,female,30.0,1,0,13.86,,C,12,,"Barcelona, Spain / Havana, Cuba"
403,2,0,male,23.0,0,0,13.0,,S,,,"England / Detroit, MI"
404,2,0,male,21.0,0,0,13.0,,S,,,"Goteborg, Sweden / Rockford, IL"
405,2,0,male,18.0,0,0,13.0,,S,,,"Oslo, Norway Bayonne, NJ"
406,2,0,male,40.0,1,0,26.0,,S,,286.0,"England / Philadelphia, PA"
407,2,1,female,29.0,1,0,26.0,,S,16,,
408,2,0,male,18.0,0,0,10.5,,S,,,"Cornwall / Houghton, MI"
409,2,0,male,36.0,0,0,13.0,,S,,236.0,"Rochester, NY"
410,2,0,male,,0,0,0.0,,S,,,Belfast
411,2,0,female,38.0,0,0,13.0,,S,,,"Janjgir, India / Pennsylvania"
412,2,0,male,35.0,0,0,26.0,,S,,322.0,"Liverpool / Montreal, PQ"
413,2,0,male,38.0,1,0,21.0,,S,,,"Cornwall / Clear Creek, CO"
414,2,0,male,34.0,1,0,21.0,,S,,,"Cornwall / Clear Creek, CO"
415,2,1,female,34.0,0,0,13.0,,S,12,,"Brooklyn, NY"
416,2,0,male,16.0,0,0,26.0,,S,,,"Liverpool / Montreal, PQ"
417,2,0,male,26.0,0,0,10.5,,S,,,"Guernsey / Elizabeth, NJ"
418,2,0,male,47.0,0,0,10.5,,S,,,Cornwall
419,2,0,male,21.0,1,0,11.5,,S,,,"Cornwall / Camden, NJ"
420,2,0,male,21.0,1,0,11.5,,S,,,"Cornwall / Camden, NJ"
421,2,0,male,24.0,0,0,13.5,,S,,297.0,"West Kensington, London"
422,2,0,male,24.0,0,0,13.0,,S,,155.0,"Clevedon, England"
423,2,0,male,34.0,0,0,13.0,,S,,,"Vancouver, BC"
424,2,0,male,30.0,0,0,13.0,,S,,305.0,
425,2,0,male,52.0,0,0,13.0,,S,,19.0,"Bronx, NY"
426,2,0,male,30.0,0,0,13.0,,S,,75.0,"Auburn, NY"
427,2,1,male,0.6667,1,1,14.5,,S,4,,"Detroit, MI"
428,2,1,female,24.0,0,2,14.5,,S,4,,"Detroit, MI"
429,2,0,male,44.0,0,0,13.0,,S,,35.0,"Seattle, WA / Toledo, OH"
430,2,1,female,6.0,0,1,33.0,,S,11,,"Denmark Hill, Surrey / Chicago"
431,2,0,male,28.0,0,1,33.0,,S,,,"Denmark Hill, Surrey / Chicago"
432,2,1,male,62.0,0,0,10.5,,S,15,,London
433,2,0,male,30.0,0,0,10.5,,S,,,"Walthamstow, England"
434,2,1,female,7.0,0,2,26.25,,S,14,,"Ilford, Essex / Winnipeg, MB"
435,2,0,male,43.0,1,1,26.25,,S,,,"Ilford, Essex / Winnipeg, MB"
436,2,1,female,45.0,1,1,26.25,,S,14,,"Ilford, Essex / Winnipeg, MB"
437,2,1,female,24.0,1,2,65.0,,S,9,,"Somerset / Bernardsville, NJ"
438,2,1,female,24.0,1,2,65.0,,S,9,,"Somerset / Bernardsville, NJ"
439,2,0,male,49.0,1,2,65.0,,S,,,"Somerset / Bernardsville, NJ"
440,2,1,female,48.0,1,2,65.0,,S,9,,"Somerset / Bernardsville, NJ"
441,2,1,female,55.0,0,0,16.0,,S,13,,"India / Rapid City, SD"
442,2,0,male,24.0,2,0,73.5,,S,,,"West Hampstead, London / Neepawa, MB"
443,2,0,male,32.0,2,0,73.5,,S,,256.0,"West Hampstead, London / Neepawa, MB"
444,2,0,male,21.0,2,0,73.5,,S,,,"West Hampstead, London / Neepawa, MB"
445,2,0,female,18.0,1,1,13.0,,S,,,"Kontiolahti, Finland / Detroit, MI"
446,2,1,female,20.0,2,1,23.0,,S,4,,"Cornwall / Akron, OH"
447,2,0,male,23.0,2,1,11.5,,S,,,"Cornwall / Akron, OH"
448,2,0,male,36.0,0,0,13.0,,S,,,"Devonport, England"
449,2,1,female,54.0,1,3,23.0,,S,4,,"Cornwall / Akron, OH"
450,2,0,male,50.0,0,0,13.0,,S,,149.0,Southampton
451,2,0,male,44.0,1,0,26.0,,S,,,"England / Sacramento, CA"
452,2,1,female,29.0,1,0,26.0,,S,10,,"England / Sacramento, CA"
453,2,0,male,21.0,0,0,73.5,,S,,,"New Forest, England"
454,2,1,male,42.0,0,0,13.0,,S,10,,"Tokyo, Japan"
455,2,0,male,63.0,1,0,26.0,,S,,,"Swindon, England"
456,2,0,female,60.0,1,0,26.0,,S,,,"Swindon, England"
457,2,0,male,33.0,0,0,12.28,,S,,,"Philadelphia, PA"
458,2,1,female,17.0,0,0,10.5,,S,,,Guernsey
459,2,0,male,42.0,1,0,27.0,,S,,,London
460,2,1,female,24.0,2,1,27.0,,S,12,,London
461,2,0,male,47.0,0,0,15.0,,S,,,"North Evington, England"
462,2,0,male,24.0,2,0,31.5,,S,,,"Guernsey / Elizabeth, NJ"
463,2,0,male,22.0,2,0,31.5,,S,,,"Guernsey / Elizabeth, NJ"
464,2,0,male,32.0,0,0,10.5,,S,,,"St Ives, Cornwall / Houghton, MI"
465,2,1,female,23.0,0,0,13.79,D,C,11,,"New York, NY"
466,2,0,male,34.0,1,0,26.0,,S,,283.0,"Moscow / Bronx, NY"
467,2,1,female,24.0,1,0,26.0,,S,12,,"Moscow / Bronx, NY"
468,2,0,female,22.0,0,0,21.0,,S,,,"India / Pittsburgh, PA"
469,2,1,female,,0,0,12.35,E101,Q,10,,"Harrisburg, PA"
470,2,0,male,35.0,0,0,12.35,,Q,,,
471,2,1,female,45.0,0,0,13.5,,S,9,,"London / New York, NY"
472,2,0,male,57.0,0,0,12.35,,Q,,,"Glasgow / Bangor, ME"
473,2,0,male,,0,0,0.0,,S,,,Belfast
474,2,0,male,31.0,0,0,10.5,,S,,165.0,"Sweden / Arlington, NJ"
475,2,0,female,26.0,1,1,26.0,,S,,,"Minneapolis, MN"
476,2,0,male,30.0,1,1,26.0,,S,,,"Minneapolis, MN"
477,2,0,male,,0,0,10.71,,Q,,,
478,2,1,female,1.0,1,2,41.58,,C,14,,Paris / Haiti
479,2,1,female,3.0,1,2,41.58,,C,14,,Paris / Haiti
480,2,0,male,25.0,1,2,41.58,,C,,,Paris / Haiti
481,2,1,female,22.0,1,2,41.58,,C,14,,Paris / Haiti
482,2,1,female,17.0,0,0,12.0,,C,12,,"Berne, Switzerland / Central City, IA"
483,2,1,female,,0,0,33.0,,S,11,,"London / Chicago, IL"
484,2,1,female,34.0,0,0,10.5,F33,S,14,,"Chicago, IL"
485,2,0,male,36.0,0,0,12.88,D,C,,,"Montreal, PQ"
486,2,0,male,24.0,0,0,10.5,,S,,108.0,
487,2,0,male,61.0,0,0,12.35,,Q,,,
488,2,0,male,50.0,1,0,26.0,,S,,121.0,"Weston-Super-Mare, Somerset"
489,2,1,female,42.0,1,0,26.0,,S,,,"Weston-Super-Mare, Somerset"
490,2,0,female,57.0,0,0,10.5,E77,S,,52.0,"Southampton / New York, NY"
491,2,0,male,,0,0,15.05,D,C,,,Paris
492,2,1,male,1.0,0,2,37.0,,C,10,,"Paris / Montreal, PQ"
493,2,0,male,31.0,1,1,37.0,,C,,,"Paris / Montreal, PQ"
494,2,1,female,24.0,1,1,37.0,,C,10,,"Paris / Montreal, PQ"
495,2,0,male,,0,0,15.58,,C,,,"New York, NY"
496,2,0,male,30.0,0,0,13.0,,S,,,"St Austall, Cornwall"
497,2,0,male,40.0,0,0,16.0,,S,,,"Weston-Super-Mare / Moose Jaw, SK"
498,2,0,male,32.0,0,0,13.5,,S,,209.0,"Sydney, Australia"
499,2,0,male,30.0,0,0,13.0,,S,,,"Sarnia, ON"
500,2,0,male,46.0,0,0,26.0,,S,,,"Rochester, NY"
501,2,1,female,13.0,0,1,19.5,,S,14,,"England / Bennington, VT"
502,2,1,female,41.0,0,1,19.5,,S,14,,"England / Bennington, VT"
503,2,1,male,19.0,0,0,10.5,,S,B,,"Chelsea, London"
504,2,0,male,39.0,0,0,13.0,,S,,,"Harrow-on-the-Hill, Middlesex"
505,2,0,male,48.0,0,0,13.0,,S,,271.0,"Copenhagen, Denmark"
506,2,0,male,70.0,0,0,10.5,,S,,,"Guernsey / Montclair, NJ and/or Toledo, Ohio"
507,2,0,male,27.0,0,0,13.0,,S,,,"Worcester, MA"
508,2,0,male,54.0,0,0,14.0,,S,,,"Frankfort, KY"
509,2,0,male,39.0,0,0,26.0,,S,,,
510,2,0,male,16.0,0,0,10.5,,S,,,"Halesworth, England"
511,2,0,male,62.0,0,0,9.69,,Q,,,"Cambridge, MA"
512,2,0,male,32.5,1,0,30.07,,C,,43.0,"New York, NY"
513,2,1,female,14.0,1,0,30.07,,C,,,"New York, NY"
514,2,1,male,2.0,1,1,26.0,F2,S,D,,"Nice, France"
515,2,1,male,3.0,1,1,26.0,F2,S,D,,"Nice, France"
516,2,0,male,36.5,0,2,26.0,F2,S,,15.0,"Nice, France"
517,2,0,male,26.0,0,0,13.0,F2,S,,,"Boston, MA"
518,2,0,male,19.0,1,1,36.75,,S,,101.0,"Cornwall / Hancock, MI"
519,2,0,male,28.0,0,0,13.5,,S,,287.0,Glasgow
520,2,1,male,20.0,0,0,13.86,D38,C,7,,"Cologne, Germany"
521,2,1,female,29.0,0,0,10.5,F33,S,11,,"Folkstone, Kent / New York, NY"
522,2,0,male,39.0,0,0,13.0,,S,,,"Middleburg Heights, OH"
523,2,1,male,22.0,0,0,10.5,,S,13,,"Pondersend, England / New Durham, NJ"
524,2,1,male,,0,0,13.86,,C,9,,"Spain / Havana, Cuba"
525,2,0,male,23.0,0,0,10.5,,S,,,"Hamilton, ON"
526,2,1,male,29.0,0,0,13.86,,C,9,,"Spain / Havana, Cuba"
527,2,0,male,28.0,0,0,10.5,,S,,,"St Andrews, Guernsey"
528,2,0,male,,0,0,0.0,,S,,,Belfast
529,2,1,female,50.0,0,1,26.0,,S,12,,"Woodford County, KY"
530,2,0,male,19.0,0,0,10.5,,S,,,"Gunnislake, England / Butte, MT"
531,2,0,male,,0,0,15.05,,C,,,
532,2,0,male,41.0,0,0,13.0,,S,,,
533,2,1,female,21.0,0,1,21.0,,S,12,,"Ilfracombe, Devon"
534,2,1,female,19.0,0,0,26.0,,S,11,,"Worcester, England"
535,2,0,male,43.0,0,1,21.0,,S,,,"Ilfracombe, Devon"
536,2,1,female,32.0,0,0,13.0,,S,9,,Russia
537,2,0,male,34.0,0,0,13.0,,S,,,"Denmark / New York, NY"
538,2,1,male,30.0,0,0,12.74,,C,14,,"Milford, NH"
539,2,0,male,27.0,0,0,15.03,,C,,,Paris
540,2,1,female,2.0,1,1,26.0,,S,11,,"Plymouth, Devon / Detroit, MI"
541,2,1,female,8.0,1,1,26.0,,S,11,,"Plymouth, Devon / Detroit, MI"
542,2,1,female,33.0,0,2,26.0,,S,11,,"Plymouth, Devon / Detroit, MI"
543,2,0,male,36.0,0,0,10.5,,S,,,"Brighton, Sussex"
544,2,0,male,34.0,1,0,21.0,,S,12,,"Elizabeth, NJ"
545,2,1,female,30.0,3,0,21.0,,S,,,"Elizabeth, NJ"
546,2,1,female,28.0,0,0,13.0,,S,9,,Spain
547,2,0,male,23.0,0,0,15.05,,C,,,"Paris / Montreal, PQ"
548,2,1,male,0.8333,1,1,18.75,,S,4,,"Cornwall / Akron, OH"
549,2,1,male,3.0,1,1,18.75,,S,4,,"Cornwall / Akron, OH"
550,2,1,female,24.0,2,3,18.75,,S,4,,"Cornwall / Akron, OH"
551,2,1,female,50.0,0,0,10.5,,S,13,,"London, England / Marietta, Ohio and Milwaukee, WI"
552,2,0,male,19.0,0,0,10.5,,S,,,
553,2,1,female,21.0,0,0,10.5,,S,12,,"Guernsey / Wilmington, DE"
554,2,0,male,26.0,0,0,13.0,,S,,,"Newark, NJ"
555,2,0,male,25.0,0,0,13.0,,S,,,Liverpool
556,2,0,male,27.0,0,0,26.0,,S,,,"Hornsey, England"
557,2,1,female,25.0,0,1,26.0,,S,12,,"Deer Lodge, MT"
558,2,1,female,18.0,0,2,13.0,,S,16,,"Finland / Minneapolis, MN"
559,2,1,female,20.0,0,0,36.75,,S,11,,"Cornwall / Hancock, MI"
560,2,1,female,30.0,0,0,13.0,,S,10,,"Finland / Washington, DC"
561,2,0,male,59.0,0,0,13.5,,S,,,"Sault St Marie, ON"
562,2,1,female,30.0,0,0,12.35,,Q,13,,"Halifax, NS"
563,2,0,male,35.0,0,0,10.5,,S,,,Cornwall
564,2,1,female,40.0,0,0,13.0,,S,9,,
565,2,0,male,25.0,0,0,13.0,,S,,,"Cornwall / Houghton, MI"
566,2,0,male,41.0,0,0,15.05,,C,,,"New York, NY"
567,2,0,male,25.0,0,0,10.5,,S,,81.0,"Catford, Kent / Detroit, MI"
568,2,0,male,18.5,0,0,13.0,F,S,,294.0,
569,2,0,male,14.0,0,0,65.0,,S,,,"Somerset / Bernardsville, NJ"
570,2,1,female,50.0,0,0,10.5,,S,9,,"Indianapolis, IN"
571,2,0,male,23.0,0,0,13.0,,S,,,
572,2,1,female,28.0,0,0,12.65,,S,,,"Columbus, OH"
573,2,1,female,27.0,0,0,10.5,E101,S,16,,"Bath, England / Massachusetts"
574,2,0,male,29.0,1,0,21.0,,S,,,"Plymouth, England"
575,2,0,female,27.0,1,0,21.0,,S,,,"Plymouth, England"
576,2,0,male,40.0,0,0,13.0,,S,,,"Barre, Co Washington, VT"
577,2,1,female,31.0,0,0,21.0,,S,14,,"Mamaroneck, NY"
578,2,0,male,30.0,1,0,21.0,,S,,,"Bristol, England / New Britain, CT"
579,2,0,male,23.0,1,0,10.5,,S,,,
580,2,1,female,31.0,0,0,21.0,,S,10,,"Bristol, England / New Britain, CT"
581,2,0,male,,0,0,0.0,,S,,,Belfast
582,2,1,female,12.0,0,0,15.75,,S,9,,"Aberdeen / Portland, OR"
583,2,1,female,40.0,0,0,15.75,,S,9,,"Aberdeen / Portland, OR"
584,2,1,female,32.5,0,0,13.0,E101,S,12,,"England / Hartford, CT"
585,2,0,male,27.0,1,0,26.0,,S,,293.0,"Bromsgrove, England / Montreal, PQ"
586,2,1,female,29.0,1,0,26.0,,S,10,,"Bromsgrove, England / Montreal, PQ"
587,2,1,male,2.0,1,1,23.0,,S,14,,"Cornwall / Akron, OH"
588,2,1,female,4.0,1,1,23.0,,S,14,,"Cornwall / Akron, OH"
589,2,1,female,29.0,0,2,23.0,,S,14,,"Cornwall / Akron, OH"
590,2,1,female,0.9167,1,2,27.75,,S,10,,"Bournmouth, England"
591,2,1,female,5.0,1,2,27.75,,S,10,,"Bournmouth, England"
592,2,0,male,36.0,1,2,27.75,,S,,,"Bournmouth, England"
593,2,1,female,33.0,1,2,27.75,,S,10,,"Bournmouth, England"
594,2,0,male,66.0,0,0,10.5,,S,,,"Guernsey, England / Edgewood, RI"
595,2,0,male,,0,0,12.88,,S,,,
596,2,1,male,31.0,0,0,13.0,,S,9,,"London, England"
597,2,1,male,,0,0,13.0,,S,14,,"Harrow, England"
598,2,1,female,26.0,0,0,13.5,,S,9,,"Yoevil, England / Cottage Grove, OR"
599,2,0,female,24.0,0,0,13.0,,S,,,Paris
600,3,0,male,42.0,0,0,7.55,,S,,,
601,3,0,male,13.0,0,2,20.25,,S,,,"East Providence, RI"
602,3,0,male,16.0,1,1,20.25,,S,,190.0,"East Providence, RI"
603,3,1,female,35.0,1,1,20.25,,S,A,,"East Providence, RI"
604,3,1,female,16.0,0,0,7.65,,S,16,,"Norway Los Angeles, CA"
605,3,1,male,25.0,0,0,7.65,F G63,S,A,,"Perkins County, SD"
606,3,1,male,20.0,0,0,7.93,,S,15,,"Taalintehdas, Finland Hoboken, NJ"
607,3,1,female,18.0,0,0,7.23,,C,C,,"Greensburg, PA"
608,3,0,male,30.0,0,0,7.25,,S,,72.0,"Asarum, Sweden Brooklyn, NY"
609,3,0,male,26.0,0,0,8.05,,S,,103.0,"Bournemouth, England"
610,3,0,female,40.0,1,0,9.48,,S,,,"Sweden Akeley, MN"
611,3,1,male,0.8333,0,1,9.35,,S,11,,"London, England Norfolk, VA"
612,3,1,female,18.0,0,1,9.35,,S,13,,"London, England Norfolk, VA"
613,3,1,male,26.0,0,0,18.79,,C,15,,"Syria Fredericksburg, VA"
614,3,0,male,26.0,0,0,7.89,,S,,,"England Albion, NY"
615,3,0,male,20.0,0,0,7.93,,S,,,"Salo, Finland Astoria, OR"
616,3,0,male,24.0,0,0,7.05,,S,,,
617,3,0,male,25.0,0,0,7.05,,S,,79.0,Argentina
618,3,0,male,35.0,0,0,8.05,,S,,,"Lower Clapton, Middlesex or Erdington, Birmingham"
619,3,0,male,18.0,0,0,8.3,,S,,259.0,"Windsor, England New York, NY"
620,3,0,male,32.0,0,0,22.53,,S,,260.0,"Bergen, Norway"
621,3,1,female,19.0,1,0,7.85,,S,16,,
622,3,0,male,4.0,4,2,31.28,,S,,,"Sweden Winnipeg, MN"
623,3,0,female,6.0,4,2,31.28,,S,,,"Sweden Winnipeg, MN"
624,3,0,female,2.0,4,2,31.28,,S,,,"Sweden Winnipeg, MN"
625,3,1,female,17.0,4,2,7.93,,S,D,,"Ruotsinphyhtaa, Finland New York, NY"
626,3,0,female,38.0,4,2,7.78,,S,,,"Vadsbro, Sweden Ministee, MI"
627,3,0,female,9.0,4,2,31.28,,S,,,"Sweden Winnipeg, MN"
628,3,0,female,11.0,4,2,31.28,,S,,,"Sweden Winnipeg, MN"
629,3,0,male,39.0,1,5,31.28,,S,,,"Sweden Winnipeg, MN"
630,3,1,male,27.0,0,0,7.8,,S,A,,
631,3,0,male,26.0,0,0,7.78,,S,,,"Hartford, CT"
632,3,0,female,39.0,1,5,31.28,,S,,,"Sweden Winnipeg, MN"
633,3,0,male,20.0,0,0,7.85,,S,,,"Sweden Chicago, IL"
634,3,0,male,26.0,0,0,7.9,,S,,,"Bulgaria Chicago, IL"
635,3,0,male,25.0,1,0,17.8,,S,,,"Altdorf, Switzerland"
636,3,0,female,18.0,1,0,17.8,,S,,,"Altdorf, Switzerland"
637,3,0,male,24.0,0,0,7.78,,S,,,"Sweden Joliet, IL"
638,3,0,male,35.0,0,0,7.05,,S,,,
639,3,0,male,5.0,4,2,31.39,,S,,,"Sweden  Worcester, MA"
640,3,0,male,9.0,4,2,31.39,,S,,,"Sweden Worcester, MA"
641,3,1,male,3.0,4,2,31.39,,S,15,,"Sweden Worcester, MA"
642,3,0,male,13.0,4,2,31.39,,S,,,"Sweden Worcester, MA"
643,3,1,female,5.0,4,2,31.39,,S,15,,"Sweden Worcester, MA"
644,3,0,male,40.0,1,5,31.39,,S,,142.0,"Sweden  Worcester, MA"
645,3,1,male,23.0,0,0,7.8,,S,13,,"Oskarshamn, Sweden Minneapolis, MN"
646,3,1,female,38.0,1,5,31.39,,S,15,,"Sweden  Worcester, MA"
647,3,1,female,45.0,0,0,7.23,,C,C,,"Ottawa, ON"
648,3,0,male,21.0,0,0,7.23,,C,,,"Ottawa, ON"
649,3,0,male,23.0,0,0,7.05,,S,,,
650,3,0,female,17.0,0,0,14.46,,C,,,
651,3,0,male,30.0,0,0,7.23,,C,,,"Ottawa, ON"
652,3,0,male,23.0,0,0,7.85,,S,,,"Krakoryd, Sweden Bloomington, IL"
653,3,1,female,13.0,0,0,7.23,,C,C,,"Syria Youngstown, OH"
654,3,0,male,20.0,0,0,7.23,,C,,,
655,3,0,male,32.0,1,0,15.85,,S,D,,"Ruotsinphytaa, Finland New York, NY"
656,3,1,female,33.0,3,0,15.85,,S,,,"Ruotsinphytaa, Finland New York, NY"
657,3,1,female,0.75,2,1,19.26,,C,C,,"Syria New York, NY"
658,3,1,female,0.75,2,1,19.26,,C,C,,"Syria New York, NY"
659,3,1,female,5.0,2,1,19.26,,C,C,,"Syria New York, NY"
660,3,1,female,24.0,0,3,19.26,,C,C,,"Syria New York, NY"
661,3,1,female,18.0,0,0,8.05,,S,C,,"London Skanteales, NY"
662,3,0,male,40.0,0,0,7.23,,C,,,
663,3,0,male,26.0,0,0,7.9,,S,,,
664,3,1,male,20.0,0,0,7.23,,C,15,,
665,3,0,female,18.0,0,1,14.45,,C,,,"Syria Ottawa, ON"
666,3,0,female,45.0,0,1,14.45,,C,,,"Syria Ottawa, ON"
667,3,0,female,27.0,0,0,7.88,,Q,,,"New York, NY"
668,3,0,male,22.0,0,0,8.05,,S,,,"England New York, NY"
669,3,0,male,19.0,0,0,8.05,,S,,,England
670,3,0,male,26.0,0,0,7.78,,S,,,"Krakudden, Sweden Moune, IL"
671,3,0,male,22.0,0,0,9.35,,S,,,"Tranvik, Finland New York"
672,3,0,male,,0,0,7.23,,C,,,
673,3,0,male,20.0,0,0,4.01,,C,,,Syria
674,3,1,male,32.0,0,0,56.5,,S,C,,"Hong Kong New York, NY"
675,3,0,male,21.0,0,0,7.78,,S,,,"Brennes, Norway New York"
676,3,0,male,18.0,0,0,7.75,,S,,,"Stockholm, Sweden New York"
677,3,0,male,26.0,0,0,7.9,,S,,,"Bulgaria Chicago, IL"
678,3,0,male,6.0,1,1,15.25,,C,,,"Syria Kent, ON"
679,3,0,female,9.0,1,1,15.25,,C,,,"Syria Kent, ON"
680,3,0,male,,0,0,7.23,,C,,,Syria
681,3,0,female,,0,2,15.25,,C,,,"Syria Kent, ON"
682,3,0,female,,0,2,7.75,,Q,,,"Ireland Chicago, IL"
683,3,0,male,40.0,1,1,15.5,,Q,,,"Ireland Chicago, IL"
684,3,0,female,32.0,1,1,15.5,,Q,,,"Ireland Chicago, IL"
685,3,0,male,21.0,0,0,16.1,,S,,,"Treherbert, Cardiff, Wales"
686,3,1,female,22.0,0,0,7.73,,Q,13,,"Kingwilliamstown, Co Cork, Ireland Glens Falls, NY"
687,3,0,female,20.0,0,0,7.85,,S,,,"Medeltorp, Sweden Chicago, IL"
688,3,0,male,29.0,1,0,7.05,,S,,,"Bridgerule, Devon"
689,3,0,male,22.0,1,0,7.25,,S,,,"Bridgerule, Devon"
690,3,0,male,22.0,0,0,7.8,,S,,,"Sweden Worcester, MA"
691,3,0,male,35.0,0,0,8.05,,S,,,"Broomfield, Chelmsford, England"
692,3,0,female,18.5,0,0,7.28,,Q,,299.0,"Co Cork, Ireland Roxbury, MA"
693,3,1,male,21.0,0,0,7.82,,Q,13,,"Kingwilliamstown, Co Cork, Ireland New York, NY"
694,3,0,male,19.0,0,0,6.75,,Q,,,"Co Cork, Ireland Charlestown, MA"
695,3,0,female,18.0,0,0,7.88,,Q,,,"Co Sligo, Ireland New York, NY"
696,3,0,female,21.0,0,0,8.66,,S,,,
697,3,0,female,30.0,0,0,8.66,,S,,,
698,3,0,male,18.0,0,0,8.66,,S,,,
699,3,0,male,38.0,0,0,8.66,,S,,,Croatia
700,3,0,male,17.0,0,0,8.66,,S,,,
701,3,0,male,17.0,0,0,8.66,,S,,,
702,3,0,female,21.0,0,0,7.75,,Q,,,
703,3,0,male,21.0,0,0,7.75,,Q,,,"Ireland Philadelphia, PA"
704,3,0,male,21.0,0,0,8.05,,S,,,
705,3,0,male,,1,0,14.46,,C,,,"Ottawa, ON"
706,3,0,female,,1,0,14.46,,C,,,"Ottawa, ON"
707,3,0,male,28.0,0,0,7.8,,S,,,"Dagsas, Sweden Fower, MN"
708,3,0,male,24.0,0,0,7.85,,S,,,"Goteborg, Sweden Huntley, IL"
709,3,1,female,16.0,0,0,7.75,,Q,16,,"Co Longford, Ireland New York, NY"
710,3,0,female,37.0,0,0,7.75,,Q,,,"Co Sligo, Ireland Hartford, CT"
711,3,0,male,28.0,0,0,7.25,,S,,,"St Denys, Southampton, Hants"
712,3,0,male,24.0,0,0,8.05,,S,,,London
713,3,0,male,21.0,0,0,7.73,,Q,,,"Ireland New York, NY"
714,3,1,male,32.0,0,0,56.5,,S,C,,"Hong Kong New York, NY"
715,3,0,male,29.0,0,0,8.05,,S,,,
716,3,0,male,26.0,1,0,14.45,,C,,,Greece
717,3,0,male,18.0,1,0,14.45,,C,,,Greece
718,3,0,male,20.0,0,0,7.05,,S,,,Portugal
719,3,1,male,18.0,0,0,8.05,,S,12,,"London Brooklyn, NY"
720,3,0,male,24.0,0,0,7.25,,Q,,,"Co Limerick, Ireland Sherbrooke, PQ"
721,3,0,male,36.0,0,0,7.5,,S,,,"Bulgaria Chicago, IL"
722,3,0,male,24.0,0,0,7.5,,S,,,
723,3,0,male,31.0,0,0,7.73,,Q,,,"Philadelphia, PA"
724,3,0,male,31.0,0,0,7.75,,Q,,,"Ireland Brooklyn, NY"
725,3,1,female,22.0,0,0,7.75,,Q,13,,Ireland
726,3,0,female,30.0,0,0,7.63,,Q,,,Ireland
727,3,0,male,70.5,0,0,7.75,,Q,,171.0,
728,3,0,male,43.0,0,0,8.05,,S,,,
729,3,0,male,35.0,0,0,7.9,,S,,,Austria
730,3,0,male,27.0,0,0,7.9,,S,,,Austria
731,3,0,male,19.0,0,0,7.9,,S,,,Austria
732,3,0,male,30.0,0,0,8.05,,S,,,London
733,3,1,male,9.0,1,1,15.9,,S,2,,"England Brooklyn, NY"
734,3,1,male,3.0,1,1,15.9,,S,2,,"England Brooklyn, NY"
735,3,1,female,36.0,0,2,15.9,,S,2,,"England Brooklyn, NY"
736,3,0,male,59.0,0,0,7.25,,S,,,"Merrill, WI"
737,3,0,male,19.0,0,0,8.16,,S,,,"Bristol, England Cleveland, OH"
738,3,1,female,17.0,0,1,16.1,,S,12,,"Bournemouth, England Newark, NJ"
739,3,0,male,44.0,0,1,16.1,,S,,,"Bournemouth, England Newark, NJ"
740,3,0,male,17.0,0,0,8.66,,S,,,Austria-Hungary
741,3,0,male,22.5,0,0,7.23,,C,,9.0,
742,3,1,male,45.0,0,0,8.05,,S,15,,"Australia Fingal, ND"
743,3,0,female,22.0,0,0,10.52,,S,,,"Norrlot, Sweden Chicago, IL"
744,3,0,male,19.0,0,0,10.17,,S,,,Austria
745,3,1,female,30.0,0,0,6.95,,Q,15,,"Co Athlone, Ireland New York, NY"
746,3,1,male,29.0,0,0,7.75,,Q,13 15 B,,"Co Athlone, Ireland New York, NY"
747,3,0,male,0.3333,0,2,14.4,,S,,,"Stanton, IA"
748,3,0,male,34.0,1,1,14.4,,S,,197.0,"Stanton, IA"
749,3,0,female,28.0,1,1,14.4,,S,,,"Stanton, IA"
750,3,0,male,27.0,0,0,7.9,,S,,,"Bulgaria Chicago, IL"
751,3,0,male,25.0,0,0,7.9,,S,,,"Bulgaria Chicago, IL"
752,3,0,male,24.0,2,0,24.15,,S,,,"West Bromwich, England Pontiac, MI"
753,3,0,male,22.0,0,0,8.05,,S,,,
754,3,0,male,21.0,2,0,24.15,,S,,,"West Bromwich, England Pontiac, MI"
755,3,0,male,17.0,2,0,8.05,,S,,,"West Bromwich, England Pontiac, MI"
756,3,0,male,,1,0,16.1,,S,,,"Liverpool, England Bedford, OH"
757,3,1,female,,1,0,16.1,,S,16,,"Liverpool, England Bedford, OH"
758,3,1,male,36.5,1,0,17.4,,S,15,,"Tampico, MT"
759,3,1,female,36.0,1,0,17.4,,S,13,,"Tampico, MT"
760,3,1,male,30.0,0,0,9.5,,S,11,,"Belgium Detroit, MI"
761,3,0,male,16.0,0,0,9.5,,S,,,
762,3,1,male,1.0,1,2,20.58,,S,10,,"Devon, England Wichita, KS"
763,3,1,female,0.1667,1,2,20.58,,S,10,,"Devon, England Wichita, KS"
764,3,0,male,26.0,1,2,20.58,,S,,,"Devon, England Wichita, KS"
765,3,1,female,33.0,1,2,20.58,,S,10,,"Devon, England Wichita, KS"
766,3,0,male,25.0,0,0,7.9,,S,,,
767,3,0,male,,0,0,7.9,,S,,,
768,3,0,male,,0,0,7.9,,S,,,"Bulgaria Coon Rapids, IA"
769,3,0,male,22.0,0,0,7.25,,S,,,
770,3,0,male,36.0,0,0,7.25,,S,,,
771,3,1,female,19.0,0,0,7.88,,Q,C,,"Kilmacowen, Co Sligo, Ireland New York, NY"
772,3,0,male,17.0,0,0,7.9,,S,,,
773,3,0,male,42.0,0,0,8.66,,S,,,
774,3,0,male,43.0,0,0,7.9,,S,,,
775,3,0,male,,0,0,7.23,,C,,,
776,3,0,male,32.0,0,0,7.75,,Q,,,"Ireland New York, NY"
777,3,1,male,19.0,0,0,8.05,,S,B,,"England Oglesby, IL"
778,3,1,female,30.0,0,0,12.48,,S,13,,"Union Hill, NJ"
779,3,0,female,24.0,0,0,7.75,,Q,,,"Ireland New York, NY"
780,3,1,female,23.0,0,0,8.05,,S,,,"London New York, NY"
781,3,0,male,33.0,0,0,7.9,,C,,51.0,"Austria Niagara Falls, NY"
782,3,0,male,65.0,0,0,7.75,,Q,,,
783,3,1,male,24.0,0,0,7.55,,S,D,,"England Albion, NY"
784,3,0,male,23.0,1,0,13.9,,S,,,"West Haven, CT"
785,3,1,female,22.0,1,0,13.9,,S,16,,"West Haven, CT"
786,3,0,male,18.0,0,0,7.78,,S,,,"Tofta, Sweden Joliet, IL"
787,3,0,male,16.0,0,0,7.78,,S,,,"Karberg, Sweden Jerome Junction, AZ"
788,3,0,male,45.0,0,0,6.98,,S,,,"Effington Rut, SD"
789,3,0,male,,0,0,7.23,,C,,,
790,3,0,male,39.0,0,2,7.23,,C,,,"Syria Ottawa, ON"
791,3,0,male,17.0,1,1,7.23,,C,,,
792,3,0,male,15.0,1,1,7.23,,C,,,Syria
793,3,0,male,47.0,0,0,7.25,,S,,,"Illinois, USA"
794,3,1,female,5.0,0,0,12.48,,S,13,,"New York, NY"
795,3,0,male,,0,0,7.23,,C,,,
796,3,0,male,40.5,0,0,15.1,,S,,187.0,
797,3,0,male,40.5,0,0,7.75,,Q,,68.0,"Aughnacliff, Co Longford, Ireland New York, NY"
798,3,1,male,,0,0,7.05,,S,15,,"Italy Philadelphia, PA"
799,3,0,male,18.0,0,0,7.8,,S,,,
800,3,0,female,,0,0,7.75,,Q,,,
801,3,0,male,,0,0,7.75,,Q,,,
802,3,0,male,,0,0,6.95,,Q,,,
803,3,0,male,26.0,0,0,7.88,,Q,,,"Ireland Chicago, IL"
804,3,0,male,,0,0,7.75,,Q,,,Ireland
805,3,1,male,,0,0,56.5,,S,13,,"Hong Kong New York, NY"
806,3,0,female,21.0,2,2,34.38,,S,,,"Rotherfield, Sussex, England Essex Co, MA"
807,3,0,female,9.0,2,2,34.38,,S,,,"Rotherfield, Sussex, England Essex Co, MA"
808,3,0,male,,0,0,8.05,,S,,,"Bridgwater, Somerset, England"
809,3,0,male,18.0,2,2,34.38,,S,,,"Rotherfield, Sussex, England Essex Co, MA"
810,3,0,male,16.0,1,3,34.38,,S,,,"Rotherfield, Sussex, England Essex Co, MA"
811,3,0,female,48.0,1,3,34.38,,S,,,"Rotherfield, Sussex, England Essex Co, MA"
812,3,0,male,,0,0,7.75,,Q,,,"Ireland New York, NY"
813,3,0,male,,0,0,7.25,,S,,,
814,3,0,male,25.0,0,0,7.74,,Q,,,"New York, NY"
815,3,0,male,,0,0,14.5,,S,,,
816,3,0,male,,0,0,7.9,,C,,,
817,3,0,male,22.0,0,0,8.05,,S,,47.0,
818,3,1,female,16.0,0,0,7.73,,Q,16,,"Co Longford, Ireland New York, NY"
819,3,1,female,,0,0,7.75,,Q,13,,"Co Clare, Ireland Washington, DC"
820,3,1,male,9.0,0,2,20.53,,S,C D,,"Strood, Kent, England Detroit, MI"
821,3,0,male,33.0,1,1,20.53,,S,,,"Strood, Kent, England Detroit, MI"
822,3,0,male,41.0,0,0,7.85,,S,,,"Philadelphia, PA"
823,3,1,female,31.0,1,1,20.53,,S,C D,,"Strood, Kent, England Detroit, MI"
824,3,0,male,38.0,0,0,7.05,,S,,,Portugal
825,3,0,male,9.0,5,2,46.9,,S,,,"Wiltshire, England Niagara Falls, NY"
826,3,0,male,1.0,5,2,46.9,,S,,,"Wiltshire, England Niagara Falls, NY"
827,3,0,male,11.0,5,2,46.9,,S,,,"Wiltshire, England Niagara Falls, NY"
828,3,0,female,10.0,5,2,46.9,,S,,,"Wiltshire, England Niagara Falls, NY"
829,3,0,female,16.0,5,2,46.9,,S,,,"Wiltshire, England Niagara Falls, NY"
830,3,0,male,14.0,5,2,46.9,,S,,,"Wiltshire, England Niagara Falls, NY"
831,3,0,male,40.0,1,6,46.9,,S,,,"Wiltshire, England Niagara Falls, NY"
832,3,0,female,43.0,1,6,46.9,,S,,,"Wiltshire, England Niagara Falls, NY"
833,3,0,male,51.0,0,0,8.05,,S,,,"Dorking, Surrey, England"
834,3,0,male,32.0,0,0,8.36,,S,,,"Foresvik, Norway Portland, ND"
835,3,0,male,,0,0,8.05,,S,,,
836,3,0,male,20.0,0,0,9.85,,S,,,"Waukegan, Chicago, IL"
837,3,0,male,37.0,2,0,7.93,,S,,98.0,"Ruotsinphytaa, Finland New York, NY"
838,3,0,male,28.0,2,0,7.93,,S,,,"Ruotsinphytaa, Finland New York, NY"
839,3,0,male,19.0,0,0,7.78,,S,,,"Myren, Sweden New York, NY"
840,3,0,female,24.0,0,0,8.85,,S,,,
841,3,0,female,17.0,0,0,7.73,,Q,,,
842,3,0,male,,1,0,19.97,,S,,,
843,3,0,male,,1,0,19.97,,S,,,
844,3,0,male,28.0,1,0,15.85,,S,,,
845,3,1,female,24.0,1,0,15.85,,S,15,,
846,3,0,male,20.0,0,0,9.5,,S,,,
847,3,0,male,23.5,0,0,7.23,,C,,188.0,
848,3,0,male,41.0,2,0,14.11,,S,,,
849,3,0,male,26.0,1,0,7.85,,S,,,
850,3,0,male,21.0,0,0,7.85,,S,,69.0,
851,3,1,female,45.0,1,0,14.11,,S,11,,
852,3,0,female,,0,0,7.55,,S,,,
853,3,0,male,25.0,0,0,7.25,,S,B,,
854,3,0,male,,0,0,6.86,,Q,,,
855,3,0,male,11.0,0,0,18.79,,C,,,
856,3,1,female,,0,0,7.75,,Q,16,,
857,3,1,male,27.0,0,0,6.98,,S,15,,
858,3,1,male,,0,0,56.5,,S,C,,
859,3,0,female,18.0,0,0,6.75,,Q,,,
860,3,1,female,26.0,0,0,7.93,,S,,,
861,3,0,female,23.0,0,0,7.93,,S,,,
862,3,1,female,22.0,0,0,8.96,,S,C,,
863,3,0,male,28.0,0,0,7.9,,S,,306.0,
864,3,0,female,28.0,0,0,7.78,,S,,,
865,3,0,female,,0,0,7.75,,Q,,,
866,3,1,female,2.0,0,1,12.29,,S,15,,
867,3,1,female,22.0,1,1,12.29,,S,15,,
868,3,0,male,43.0,0,0,6.45,,S,,,
869,3,0,male,28.0,0,0,22.53,,S,,,
870,3,1,female,27.0,0,0,7.93,,S,,,
871,3,0,male,,0,0,7.75,,Q,,,
872,3,1,female,,0,0,8.05,,S,C,,
873,3,0,male,42.0,0,0,7.65,F G63,S,,120.0,
874,3,1,male,,0,0,7.89,,S,C,,
875,3,0,male,30.0,0,0,7.23,,C,,,
876,3,0,male,,0,0,7.9,,S,,,
877,3,0,female,27.0,1,0,7.93,,S,,,
878,3,0,female,25.0,1,0,7.93,,S,,,
879,3,0,male,,0,0,7.9,,S,,,
880,3,1,male,29.0,0,0,7.9,,C,15,,
881,3,1,male,21.0,0,0,7.8,,S,A,,
882,3,0,male,,0,0,7.05,,S,,,
883,3,0,male,20.0,0,0,7.85,,S,,,
884,3,0,male,48.0,0,0,7.85,,S,,,
885,3,0,male,17.0,1,0,7.05,,S,,,
886,3,1,female,,0,0,7.75,,Q,D,,
887,3,1,male,,0,0,8.11,,S,13,,
888,3,0,male,34.0,0,0,6.5,,S,,143.0,
889,3,1,male,26.0,0,0,7.78,,S,15,,
890,3,0,male,22.0,0,0,7.8,,S,,156.0,
891,3,0,male,33.0,0,0,8.65,,S,,285.0,
892,3,0,male,31.0,0,0,7.78,,S,,,
893,3,0,male,29.0,0,0,7.85,,S,,,
894,3,1,male,4.0,1,1,11.13,,S,15,,
895,3,1,female,1.0,1,1,11.13,,S,15,,
896,3,0,male,49.0,0,0,0.0,,S,,,
897,3,0,male,33.0,0,0,7.78,,S,,37.0,
898,3,0,male,19.0,0,0,0.0,,S,,,
899,3,1,female,27.0,0,2,11.13,,S,15,,
900,3,0,male,,1,2,23.45,,S,,,
901,3,0,female,,1,2,23.45,,S,,,
902,3,0,male,,1,2,23.45,,S,,,
903,3,0,female,,1,2,23.45,,S,,,
904,3,0,male,23.0,0,0,7.9,,S,,,
905,3,1,male,32.0,0,0,7.85,,S,15,,
906,3,0,male,27.0,0,0,7.85,,S,,,
907,3,0,female,20.0,1,0,9.83,,S,,,
908,3,0,female,21.0,1,0,9.83,,S,,,
909,3,1,male,32.0,0,0,7.93,,S,15,,
910,3,0,male,17.0,0,0,7.13,,S,,,
911,3,0,male,21.0,0,0,8.43,,S,,,
912,3,0,male,30.0,0,0,7.9,,S,,,
913,3,1,male,21.0,0,0,7.8,,S,13,,
914,3,0,male,33.0,0,0,7.85,,S,,,
915,3,0,male,22.0,0,0,7.52,,S,,,
916,3,1,female,4.0,0,1,13.42,,C,15,,
917,3,1,male,39.0,0,1,13.42,,C,15,,
918,3,0,male,,0,0,7.23,,C,,,
919,3,0,male,18.5,0,0,7.23,,C,,58.0,
920,3,0,male,,0,0,7.75,,Q,,,
921,3,0,male,,0,0,7.25,,S,A,,
922,3,1,female,,0,0,7.75,,Q,16,,
923,3,1,female,,0,0,7.75,,Q,D,,
924,3,0,male,34.5,0,0,7.83,,Q,,70.0,
925,3,0,male,44.0,0,0,8.05,,S,,,
926,3,1,male,,0,0,7.75,,Q,,,
927,3,0,male,,1,0,14.45,,C,,,
928,3,0,female,,1,0,14.45,,C,,,
929,3,0,male,,1,0,7.75,,Q,,,
930,3,0,male,,1,0,7.75,,Q,,,
931,3,0,male,,0,0,7.74,,Q,,,
932,3,0,female,22.0,2,0,8.66,,S,,,
933,3,0,male,26.0,2,0,8.66,,S,,,
934,3,1,female,4.0,0,2,22.03,,S,2,,
935,3,1,male,29.0,3,1,22.03,,S,2,,
936,3,1,female,26.0,1,1,22.03,,S,2,,
937,3,0,female,1.0,1,1,12.18,,S,,,
938,3,0,male,18.0,1,1,7.85,,S,,,
939,3,0,female,36.0,0,2,12.18,,S,,,
940,3,0,male,,0,0,7.9,,C,,,
941,3,1,male,25.0,0,0,7.23,F E57,C,10,,
942,3,0,male,,0,0,7.23,,C,,,
943,3,0,female,37.0,0,0,9.59,,S,,,
944,3,0,male,,0,0,7.9,,S,,,
945,3,1,male,,0,0,56.5,,S,C,,
946,3,0,male,,0,0,56.5,,S,,,
947,3,1,female,22.0,0,0,7.25,,S,13,,
948,3,0,male,,0,0,7.75,,Q,,,
949,3,1,male,26.0,0,0,56.5,,S,14,,
950,3,0,male,29.0,0,0,9.48,,S,,,
951,3,0,male,29.0,0,0,7.78,,S,,,
952,3,0,male,22.0,0,0,7.78,,S,,,
953,3,1,male,22.0,0,0,7.23,,C,6,,
954,3,0,male,,3,1,25.47,,S,,,
955,3,0,female,,3,1,25.47,,S,,,
956,3,0,female,,3,1,25.47,,S,,,
957,3,0,female,,3,1,25.47,,S,,,
958,3,0,female,,0,4,25.47,,S,,,
959,3,0,male,32.0,0,0,7.93,,S,,,
960,3,0,male,34.5,0,0,6.44,,C,,196.0,
961,3,0,female,,1,0,15.5,,Q,,,
962,3,0,male,,1,0,15.5,,Q,,,
963,3,0,male,36.0,0,0,0.0,,S,,,
964,3,0,male,39.0,0,0,24.15,,S,,,
965,3,0,male,24.0,0,0,9.5,,S,,,
966,3,0,female,25.0,0,0,7.78,,S,,,
967,3,0,female,45.0,0,0,7.75,,S,,,
968,3,0,male,36.0,1,0,15.55,,S,A,,
969,3,0,female,30.0,1,0,15.55,,S,A,,
970,3,1,male,20.0,1,0,7.93,,S,15,,
971,3,0,male,,0,0,7.88,,Q,,,
972,3,0,male,28.0,0,0,56.5,,S,,,
973,3,0,male,,0,0,7.55,,S,,,
974,3,0,male,30.0,1,0,16.1,,S,,,
975,3,0,female,26.0,1,0,16.1,,S,,,
976,3,0,male,,0,0,7.88,,S,,153.0,
977,3,0,male,20.5,0,0,7.25,,S,,,
978,3,1,male,27.0,0,0,8.66,,S,15,,
979,3,0,male,51.0,0,0,7.05,,S,,,
980,3,1,female,23.0,0,0,7.85,,S,10,,
981,3,1,male,32.0,0,0,7.58,,S,15,,
982,3,0,male,,0,0,7.9,,S,,,
983,3,0,male,,0,0,7.55,,S,,,
984,3,1,female,,0,0,7.75,,Q,15,,
985,3,1,male,24.0,0,0,7.14,,S,13,,
986,3,0,male,22.0,0,0,7.13,,S,,,
987,3,0,female,,0,0,7.88,,Q,,,
988,3,0,male,,0,0,7.75,,Q,,,
989,3,0,male,,0,0,8.05,,S,,,
990,3,0,male,29.0,0,0,7.93,,S,,,
991,3,1,male,,0,0,7.23,,C,15,,
992,3,0,female,30.5,0,0,7.75,,Q,,61.0,
993,3,1,female,,0,0,7.74,,Q,16,,
994,3,0,male,,0,0,7.23,F E46,C,,,
995,3,0,male,35.0,0,0,7.9,,C,,,
996,3,0,male,33.0,0,0,7.9,,S,,,
997,3,1,female,,0,0,7.23,,C,C,,
998,3,0,male,,0,0,7.9,,C,,,
999,3,1,female,,0,0,7.75,,Q,15 16,,
1000,3,1,male,,0,0,7.75,,Q,,,
1001,3,1,female,,2,0,23.25,,Q,16,,
1002,3,1,female,,2,0,23.25,,Q,16,,
1003,3,1,male,,2,0,23.25,,Q,16,,
1004,3,1,female,,0,0,7.79,,Q,13,,
1005,3,0,male,,0,0,15.5,,Q,,,
1006,3,1,female,,0,0,7.88,,Q,13,,
1007,3,1,female,15.0,0,0,8.03,,Q,,,
1008,3,0,female,35.0,0,0,7.75,,Q,,,
1009,3,0,male,,0,0,7.75,,Q,,,
1010,3,0,male,24.0,1,0,16.1,,S,,,
1011,3,0,female,19.0,1,0,16.1,,S,,53.0,
1012,3,0,female,,0,0,7.75,,Q,,,
1013,3,0,female,,0,0,8.05,,S,,,
1014,3,0,female,,0,0,8.05,,S,,,
1015,3,0,male,55.5,0,0,8.05,,S,,201.0,
1016,3,0,male,,0,0,7.75,,Q,,,
1017,3,1,male,21.0,0,0,7.78,,S,15,,
1018,3,0,male,,0,0,8.05,,S,,,
1019,3,0,male,24.0,0,0,7.9,,S,,,
1020,3,0,male,21.0,0,0,7.9,,S,,,
1021,3,0,male,28.0,0,0,7.9,,S,,,
1022,3,0,male,,0,0,7.9,,S,,,
1023,3,1,female,,0,0,7.88,,Q,16,,
1024,3,0,male,25.0,0,0,7.65,F G73,S,,309.0,
1025,3,1,male,6.0,0,1,12.48,E121,S,14,,
1026,3,1,female,27.0,0,1,12.48,E121,S,14,,
1027,3,0,male,,0,0,8.05,,S,,,
1028,3,1,female,,1,0,24.15,,Q,16,,
1029,3,0,male,,1,0,24.15,,Q,,,
1030,3,0,male,,0,0,8.46,,Q,,,
1031,3,0,male,34.0,0,0,8.05,,S,,,
1032,3,0,male,,0,0,7.75,,Q,,,
1033,3,1,male,,0,0,7.78,,S,B,,
1034,3,1,male,,1,1,15.25,,C,C,,
1035,3,1,male,,1,1,15.25,,C,C,,
1036,3,1,female,,0,2,15.25,,C,C,,
1037,3,1,female,,0,0,7.23,,C,,,
1038,3,0,male,,0,0,8.05,,S,,,
1039,3,1,female,,0,0,7.73,,Q,16,,
1040,3,1,female,24.0,0,0,7.75,,Q,15,,
1041,3,0,male,,0,0,8.05,,S,,,
1042,3,1,female,,1,0,15.5,,Q,16,,
1043,3,1,female,,1,0,15.5,,Q,16,,
1044,3,1,female,,0,0,15.5,,Q,16,,
1045,3,0,male,18.0,0,0,7.75,,S,,,
1046,3,0,male,22.0,0,0,7.9,,S,,,
1047,3,1,female,15.0,0,0,7.23,,C,C,,
1048,3,1,female,1.0,0,2,15.74,,C,C,,
1049,3,1,male,20.0,1,1,15.74,,C,C,,
1050,3,1,female,19.0,1,1,15.74,,C,C,,
1051,3,0,male,33.0,0,0,8.05,,S,,,
1052,3,0,male,,0,0,7.9,,S,,,
1053,3,0,male,,0,0,7.23,,C,,,
1054,3,0,female,,0,0,7.75,,Q,,,
1055,3,0,male,,0,0,7.9,,S,,,
1056,3,1,male,12.0,1,0,11.24,,C,C,,
1057,3,1,female,14.0,1,0,11.24,,C,C,,
1058,3,0,female,29.0,0,0,7.93,,S,,,
1059,3,0,male,28.0,0,0,8.05,,S,,,
1060,3,1,female,18.0,0,0,7.78,,S,D,,
1061,3,1,female,26.0,0,0,7.85,,S,13,,
1062,3,0,male,21.0,0,0,7.85,,S,,,
1063,3,0,male,41.0,0,0,7.13,,S,,,"Finland Sudbury, ON"
1064,3,1,male,39.0,0,0,7.93,,S,9,,
1065,3,0,male,21.0,0,0,7.8,,S,,,
1066,3,0,male,28.5,0,0,7.23,,C,,181.0,
1067,3,1,female,22.0,0,0,7.75,,S,13,,
1068,3,0,male,61.0,0,0,6.24,,S,,,
1069,3,0,male,,1,0,15.5,,Q,,,
1070,3,0,male,,0,0,7.83,,Q,,,
1071,3,1,female,,1,0,15.5,,Q,,,
1072,3,0,male,,0,0,7.73,,Q,,,
1073,3,0,male,,0,0,7.75,,Q,,,
1074,3,0,male,,0,0,7.75,,Q,,,
1075,3,0,male,23.0,0,0,9.23,,S,,,
1076,3,0,female,,0,0,7.75,,Q,,,
1077,3,1,female,,0,0,7.75,,Q,D,,
1078,3,1,female,,0,0,7.88,,Q,,,
1079,3,1,female,22.0,0,0,7.78,,S,C,,
1080,3,1,male,,0,0,7.75,,Q,B,,
1081,3,1,female,,0,0,7.83,,Q,13,,
1082,3,1,male,9.0,0,1,3.17,,S,13,,
1083,3,0,male,28.0,0,0,22.53,,S,,173.0,
1084,3,0,male,42.0,0,1,8.4,,S,,,
1085,3,0,male,,0,0,7.31,,S,,,
1086,3,0,female,31.0,0,0,7.85,,S,,,
1087,3,0,male,28.0,0,0,7.85,,S,,,
1088,3,1,male,32.0,0,0,7.78,,S,A,,
1089,3,0,male,20.0,0,0,9.23,,S,,89.0,"Oslo, Norway Cameron, WI"
1090,3,0,female,23.0,0,0,8.66,,S,,,
1091,3,0,female,20.0,0,0,8.66,,S,,,
1092,3,0,male,20.0,0,0,8.66,,S,,,
1093,3,0,male,16.0,0,0,9.22,,S,,,
1094,3,1,female,31.0,0,0,8.68,,S,,,
1095,3,0,female,,0,0,7.63,,Q,,,
1096,3,0,male,2.0,3,1,21.08,,S,,4.0,
1097,3,0,male,6.0,3,1,21.08,,S,,,
1098,3,0,female,3.0,3,1,21.08,,S,,,
1099,3,0,female,8.0,3,1,21.08,,S,,,
1100,3,0,female,29.0,0,4,21.08,,S,,206.0,
1101,3,0,male,1.0,4,1,39.69,,S,,,
1102,3,0,male,7.0,4,1,39.69,,S,,,
1103,3,0,male,2.0,4,1,39.69,,S,,,
1104,3,0,male,16.0,4,1,39.69,,S,,,
1105,3,0,male,14.0,4,1,39.69,,S,,,
1106,3,0,female,41.0,0,5,39.69,,S,,,
1107,3,0,male,21.0,0,0,8.66,,S,,,
1108,3,0,male,19.0,0,0,14.5,,S,,,
1109,3,0,male,,0,0,8.71,,C,,,
1110,3,0,male,32.0,0,0,7.9,,S,,,
1111,3,0,male,0.75,1,1,13.78,,S,,,
1112,3,0,female,3.0,1,1,13.78,,S,,,
1113,3,0,female,26.0,0,2,13.78,,S,,,
1114,3,0,male,,0,0,7.0,,S,,,
1115,3,0,male,,0,0,7.78,,S,,,
1116,3,0,male,,0,0,8.05,,S,,,
1117,3,0,male,21.0,0,0,7.93,,S,,,
1118,3,0,male,25.0,0,0,7.93,,S,,,
1119,3,0,male,22.0,0,0,7.25,,S,,,
1120,3,1,male,25.0,1,0,7.78,,S,15,,
1121,3,1,male,,1,1,22.36,,C,C,,
1122,3,1,female,,1,1,22.36,F E69,C,D,,
1123,3,1,female,,0,2,22.36,,C,D,,
1124,3,0,female,,0,0,8.14,,Q,,,
1125,3,0,male,24.0,0,0,8.05,,S,,,
1126,3,0,female,28.0,0,0,7.9,,S,,,
1127,3,0,male,19.0,0,0,7.9,,S,,,
1128,3,0,male,,0,0,7.9,,S,,,
1129,3,0,male,25.0,1,0,7.78,,S,,,
1130,3,0,female,18.0,0,0,7.78,,S,,,
1131,3,1,male,32.0,0,0,8.05,E10,S,9,,
1132,3,0,male,,0,0,7.9,,S,,,
1133,3,0,male,17.0,0,0,8.66,,S,,,
1134,3,0,male,24.0,0,0,8.66,,S,,,
1135,3,0,male,,0,0,7.9,,S,,,
1136,3,0,female,,0,0,8.11,,S,,,
1137,3,0,male,,0,0,7.23,,C,,,
1138,3,0,male,,0,0,7.25,,S,,,
1139,3,0,male,38.0,0,0,7.9,,S,,,
1140,3,0,male,21.0,0,0,8.05,,S,,,
1141,3,0,male,10.0,4,1,29.13,,Q,,,
1142,3,0,male,4.0,4,1,29.13,,Q,,,
1143,3,0,male,7.0,4,1,29.13,,Q,,,
1144,3,0,male,2.0,4,1,29.13,,Q,,,
1145,3,0,male,8.0,4,1,29.13,,Q,,,
1146,3,0,female,39.0,0,5,29.13,,Q,,327.0,
1147,3,0,female,22.0,0,0,39.69,,S,,,
1148,3,0,male,35.0,0,0,7.13,,S,,,
1149,3,1,female,,0,0,7.72,,Q,13,,
1150,3,0,male,,0,0,14.5,,S,,,
1151,3,0,female,,0,0,14.5,,S,,,
1152,3,0,male,50.0,1,0,14.5,,S,,119.0,
1153,3,0,female,47.0,1,0,14.5,,S,,7.0,
1154,3,0,male,,0,0,8.05,,S,,,
1155,3,0,male,,0,0,7.78,,S,,,
1156,3,0,female,2.0,1,1,20.21,,S,,,
1157,3,0,male,18.0,1,1,20.21,,S,,,
1158,3,0,female,41.0,0,2,20.21,,S,,,
1159,3,1,female,,0,0,8.05,,S,C,,
1160,3,0,male,50.0,0,0,8.05,,S,,,
1161,3,0,male,16.0,0,0,8.05,,S,,,
1162,3,1,male,,0,0,7.75,,Q,14,,
1163,3,0,male,,0,0,24.15,,Q,,,
1164,3,0,male,,0,0,7.23,,C,,,
1165,3,0,male,25.0,0,0,7.23,,C,,,
1166,3,0,male,,0,0,7.23,,C,,,
1167,3,0,male,,0,0,7.73,,Q,,,
1168,3,0,male,,0,0,7.58,,S,,,
1169,3,0,male,38.5,0,0,7.25,,S,,32.0,
1170,3,0,male,,8,2,69.55,,S,,,
1171,3,0,male,14.5,8,2,69.55,,S,,67.0,
1172,3,0,female,,8,2,69.55,,S,,,
1173,3,0,female,,8,2,69.55,,S,,,
1174,3,0,female,,8,2,69.55,,S,,,
1175,3,0,female,,8,2,69.55,,S,,,
1176,3,0,male,,8,2,69.55,,S,,,
1177,3,0,male,,8,2,69.55,,S,,,
1178,3,0,male,,8,2,69.55,,S,,,
1179,3,0,male,,1,9,69.55,,S,,,
1180,3,0,female,,1,9,69.55,,S,,,
1181,3,0,male,24.0,0,0,9.33,,S,,,
1182,3,1,female,21.0,0,0,7.65,,S,C,,
1183,3,0,male,39.0,0,0,7.93,,S,,,
1184,3,0,male,,2,0,21.68,,C,,,
1185,3,0,male,,2,0,21.68,,C,,,
1186,3,0,male,,2,0,21.68,,C,,,
1187,3,1,female,1.0,1,1,16.7,G6,S,13,,
1188,3,1,female,24.0,0,2,16.7,G6,S,13,,
1189,3,1,female,4.0,1,1,16.7,G6,S,13,,
1190,3,1,male,25.0,0,0,9.5,,S,11,,
1191,3,0,male,20.0,0,0,8.05,,S,,,
1192,3,0,male,24.5,0,0,8.05,,S,,284.0,
1193,3,0,male,,0,0,7.73,,Q,,,
1194,3,0,male,,0,0,7.9,,S,,,
1195,3,0,male,,0,0,7.75,,Q,,,
1196,3,1,male,29.0,0,0,9.5,,S,11,,
1197,3,0,male,,0,0,15.1,,S,,,
1198,3,1,female,,0,0,7.78,,Q,,,
1199,3,0,male,,0,0,8.05,,S,,,
1200,3,0,male,,0,0,8.05,,S,,,
1201,3,0,male,22.0,0,0,7.23,,C,,,
1202,3,0,male,,0,0,8.05,,S,,,
1203,3,0,male,40.0,0,0,7.9,,S,,,
1204,3,0,male,21.0,0,0,7.93,,S,,,
1205,3,1,female,18.0,0,0,7.5,,S,16,,
1206,3,0,male,4.0,3,2,27.9,,S,,,
1207,3,0,male,10.0,3,2,27.9,,S,,,
1208,3,0,female,9.0,3,2,27.9,,S,,,
1209,3,0,female,2.0,3,2,27.9,,S,,,
1210,3,0,male,40.0,1,4,27.9,,S,,,
1211,3,0,female,45.0,1,4,27.9,,S,,,
1212,3,0,male,,0,0,7.9,,S,,,
1213,3,0,male,,0,0,8.05,,S,,,
1214,3,0,male,,0,0,8.66,,S,,,
1215,3,0,male,,0,0,7.75,,Q,,,
1216,3,1,female,,0,0,7.73,,Q,13,,
1217,3,0,male,19.0,0,0,7.65,F G73,S,,,
1218,3,0,male,30.0,0,0,8.05,,S,,,
1219,3,0,male,,0,0,8.05,,S,,,
1220,3,0,male,32.0,0,0,8.05,,S,,,
1221,3,0,male,,0,0,7.9,,S,,,
1222,3,0,male,33.0,0,0,8.66,,C,,,
1223,3,1,female,23.0,0,0,7.55,,S,C,,
1224,3,0,male,21.0,0,0,8.05,,S,,,
1225,3,0,male,60.5,0,0,nan,,S,,261.0,
1226,3,0,male,19.0,0,0,7.9,,S,,,
1227,3,0,female,22.0,0,0,9.84,,S,,,
1228,3,1,male,31.0,0,0,7.93,,S,9,,
1229,3,0,male,27.0,0,0,8.66,,S,,,
1230,3,0,female,2.0,0,1,10.46,G6,S,,,
1231,3,0,female,29.0,1,1,10.46,G6,S,,,
1232,3,1,male,16.0,0,0,8.05,,S,B,,
1233,3,1,male,44.0,0,0,7.93,,S,15,,
1234,3,0,male,25.0,0,0,7.05,,S,,,
1235,3,0,male,74.0,0,0,7.78,,S,,,
1236,3,1,male,14.0,0,0,9.23,,S,13,,
1237,3,0,male,24.0,0,0,7.8,,S,,,
1238,3,1,male,25.0,0,0,7.8,,S,13 15,,
1239,3,0,male,34.0,0,0,8.05,,S,,176.0,
1240,3,1,male,0.4167,0,1,8.52,,C,16,,
1241,3,0,male,,1,0,6.44,,C,,,
1242,3,0,male,,0,0,6.44,,C,,,
1243,3,0,male,,0,0,7.23,,C,,,
1244,3,1,female,16.0,1,1,8.52,,C,14,,
1245,3,0,male,,0,0,8.05,,S,,,
1246,3,0,male,,1,0,16.1,,S,,,
1247,3,1,female,,1,0,16.1,,S,10,,
1248,3,0,male,32.0,0,0,7.93,,S,,,
1249,3,0,male,,0,0,7.75,F38,Q,,,
1250,3,0,male,,0,0,7.9,,S,,,
1251,3,0,male,30.5,0,0,8.05,,S,,50.0,
1252,3,0,male,44.0,0,0,8.05,,S,,,
1253,3,0,male,,0,0,7.23,,C,,,
1254,3,1,male,25.0,0,0,0.0,,S,15,,
1255,3,0,male,,0,0,7.23,,C,,,
1256,3,1,male,7.0,1,1,15.25,,C,C,,
1257,3,1,female,9.0,1,1,15.25,,C,C,,
1258,3,1,female,29.0,0,2,15.25,,C,C,,
1259,3,0,male,36.0,0,0,7.9,,S,,,
1260,3,1,female,18.0,0,0,9.84,,S,15,,
1261,3,1,female,63.0,0,0,9.59,,S,15,,
1262,3,0,male,,1,1,14.5,,S,,,
1263,3,0,male,11.5,1,1,14.5,,S,,1.0,
1264,3,0,male,40.5,0,2,14.5,,S,,255.0,
1265,3,0,female,10.0,0,2,24.15,,S,,,
1266,3,0,male,36.0,1,1,24.15,,S,,,
1267,3,0,female,30.0,1,1,24.15,,S,,,
1268,3,0,male,,0,0,9.5,,S,,,
1269,3,0,male,33.0,0,0,9.5,,S,,,
1270,3,0,male,28.0,0,0,9.5,,S,,,
1271,3,0,male,28.0,0,0,9.5,,S,,,
1272,3,0,male,47.0,0,0,9.0,,S,,,
1273,3,0,female,18.0,2,0,18.0,,S,,,
1274,3,0,male,31.0,3,0,18.0,,S,,,
1275,3,0,male,16.0,2,0,18.0,,S,,,
1276,3,0,female,31.0,1,0,18.0,,S,,,
1277,3,1,male,22.0,0,0,7.23,,C,13 15,,
1278,3,0,male,20.0,0,0,7.85,,S,,,
1279,3,0,female,14.0,0,0,7.85,,S,,,
1280,3,0,male,22.0,0,0,7.9,,S,,,
1281,3,0,male,22.0,0,0,9.0,,S,,,"Antwerp, Belgium / Stanton, OH"
1282,3,0,male,,0,0,8.05,,S,,,
1283,3,0,male,,0,0,7.55,,S,,,
1284,3,0,male,,0,0,8.05,,S,,,
1285,3,0,male,32.5,0,0,9.5,,S,,298.0,
1286,3,1,female,38.0,0,0,7.23,,C,C,,
1287,3,0,male,51.0,0,0,7.75,,S,,,
1288,3,0,male,18.0,1,0,6.5,,S,,314.0,
1289,3,0,male,21.0,1,0,6.5,,S,,,
1290,3,1,female,47.0,1,0,7.0,,S,,,
1291,3,0,male,,0,0,8.71,,S,,,
1292,3,0,male,,0,0,7.55,,S,,,
1293,3,0,male,,0,0,8.05,,S,,,
1294,3,0,male,28.5,0,0,16.1,,S,,14.0,
1295,3,0,male,21.0,0,0,7.25,,S,,,
1296,3,0,male,27.0,0,0,8.66,,S,,131.0,
1297,3,0,male,,0,0,7.25,,S,,,
1298,3,0,male,36.0,0,0,9.5,,S,,,
1299,3,0,male,27.0,1,0,14.45,,C,C,,
1300,3,1,female,15.0,1,0,14.45,,C,,,
1301,3,0,male,45.5,0,0,7.23,,C,,312.0,
1302,3,0,male,,0,0,7.23,,C,,,
1303,3,0,male,,0,0,14.46,,C,,,
1304,3,0,female,14.5,1,0,14.45,,C,,328.0,
1305,3,0,female,,1,0,14.45,,C,,,
1306,3,0,male,26.5,0,0,7.23,,C,,304.0,
1307,3,0,male,27.0,0,0,7.23,,C,,,
1308,3,0,male,29.0,0,0,7.88,,S,,,
